[
  {
    "__type__": "cc.Prefab",
    "_name": "p1-dotBuff",
    "_objFlags": 0,
    "_rawFiles": null,
    "data": {
      "__id__": 1
    },
    "asyncLoadAssets": false
  },
  {
    "__type__": "cc.Node",
    "_name": "dotBuff",
    "_objFlags": 0,
    "_parent": null,
    "_children": [],
    "_tag": -1,
    "_active": true,
    "_components": [
      {
        "__id__": 2
      },
      {
        "__id__": 3
      },
      {
        "__id__": 4
      }
    ],
    "_prefab": {
      "__id__": 5
    },
    "_id": "",
    "_opacity": 0,
    "_color": {
      "__type__": "cc.Color",
      "r": 255,
      "g": 255,
      "b": 255,
      "a": 255
    },
    "_cascadeOpacityEnabled": true,
    "_anchorPoint": {
      "__type__": "cc.Vec2",
      "x": 0.5,
      "y": 0.5
    },
    "_contentSize": {
      "__type__": "cc.Size",
      "width": 926,
      "height": 1067
    },
    "_rotationX": 0,
    "_rotationY": 0,
    "_scaleX": 0.2,
    "_scaleY": 0.2,
    "_position": {
      "__type__": "cc.Vec2",
      "x": -287,
      "y": -67
    },
    "_skewX": 0,
    "_skewY": 0,
    "_localZOrder": 0,
    "_globalZOrder": 0,
    "_opacityModifyRGB": false,
    "groupIndex": 0
  },
  {
    "__type__": "cc.Sprite",
    "_name": "",
    "_objFlags": 0,
    "node": {
      "__id__": 1
    },
    "_enabled": true,
    "_spriteFrame": {
      "__uuid__": "dcefcc69-cffb-48bb-b552-93fcd0d915e7"
    },
    "_type": 0,
    "_sizeMode": 1,
    "_fillType": 0,
    "_fillCenter": {
      "__type__": "cc.Vec2",
      "x": 0,
      "y": 0
    },
    "_fillStart": 0,
    "_fillRange": 0,
    "_isTrimmedMode": true,
    "_srcBlendFactor": 770,
    "_dstBlendFactor": 771,
    "_atlas": null
  },
  {
    "__type__": "cc.Animation",
    "_name": "",
    "_objFlags": 0,
    "node": {
      "__id__": 1
    },
    "_enabled": true,
    "_defaultClip": null,
    "_clips": [
      {
        "__uuid__": "6c90485e-f2fc-4f3a-90e3-b93a3a156c68"
      }
    ],
    "playOnLoad": false
  },
  {
    "__type__": "1eeb8Wgx8NKNZjKqaISpkuJ",
    "_name": "",
    "_objFlags": 0,
    "node": {
      "__id__": 1
    },
    "_enabled": true
  },
  {
    "__type__": "cc.PrefabInfo",
    "root": {
      "__id__": 1
    },
    "asset": {
      "__uuid__": "97adfcb1-83ea-4513-a5ed-c2d96943e009"
    },
    "fileId": "54f8iMVj5EBoA6ocrSNL30",
    "sync": false
  }
]