{
  "__type__": "cc.AnimationClip",
  "_name": "debuff",
  "_objFlags": 0,
  "_rawFiles": null,
  "_duration": 0.5,
  "sample": 60,
  "speed": 0.9,
  "wrapMode": 1,
  "curveData": {
    "props": {
      "y": [
        {
          "frame": 0,
          "value": -18
        },
        {
          "frame": 0.5,
          "value": -161
        }
      ],
      "opacity": [
        {
          "frame": 0,
          "value": 0
        },
        {
          "frame": 0.2,
          "value": 226.185
        },
        {
          "frame": 0.25,
          "value": 255
        },
        {
          "frame": 0.5,
          "value": 0
        }
      ]
    }
  },
  "events": []
}