{
    "enemy1" : {
        "health" : {
            "total" : 150,
            "current" : 150
        },

        "block" : {
            "current" : 0
        },

        "attack_pattern" : [
            
            {
                "type" : "normal",
                "min" : 0,
                "max" : 3
            },
            
            {
                "type" : "block",
                "min" : 3,
                "max" : 6
            },

            {
                "type" : "buff",
                "min" : 6,
                "max" : 8
            },

            {
                "type" : "debuff",
                "min" : 8,
                "max" : 10
            }

        ],

        "current_status" : []
    }
}