{
    "current_fireteam" : [
    ],

    "available_fireteam" : [
        {
            "heroID" : 0,
            "heroClass" : "00",
            "name" : "Noir",
            "img" : "resources/hero-icon/hero1-portrait.png",
            "icon" : "resources/mini-hero/hero1-mini.png",
            "level" : 1,
            "combat" : {
                "support" : "00-0-0",
                "attack" : "00-1-0",
                "defense" : "00-2-0"
            },
            "exp" : {
                "total" : 100,
                "current" : 0
            },
            "health" : {
                "total" : 50,
                "current" : 50
            },
            "cp" : {
                "total" : 50,
                "current" : 50
            },
            "cost" : 100
        },
        {
            "heroID" : 1,
            "heroClass" : "01",
            "name" : "Phantom",
            "img" : "resources/hero-icon/hero2-portrait.png",
            "icon" : "resources/mini-hero/hero2-mini.png",
            "level" : 1,
            "combat" : {
                "support" : "01-0-0",
                "attack" : "01-1-0",
                "defense" : "01-2-0"
            },
            "exp" : {
                "total" : 100,
                "current" : 0
            },
            "health" : {
                "total" : 50,
                "current" : 50
            },
            "cp" : {
                "total" : 50,
                "current" : 50
            },
            "cost" : 100
        },
        {
            "heroID" : 2,
            "heroClass" : "02",
            "name" : "Queen",
            "img" : "resources/hero-icon/hero3-portrait.png",
            "icon" : "resources/mini-hero/hero3-mini.png",
            "level" : 1,
            "combat" : {
                "support" : "02-0-0",
                "attack" : "02-1-0",
                "defense" : "02-2-0"
            },
            "exp" : {
                "total" : 100,
                "current" : 0
            },
            "health" : {
                "total" : 50,
                "current" : 50
            },
            "cp" : {
                "total" : 50,
                "current" : 50
            },
            "cost" : 100
        }
    ],

    "unlocked_fireteam" : [
        {
            "heroID" : 3,
            "heroClass" : "00",
            "name" : "Fox",
            "img" : "resources/hero-icon/hero4-portrait.png",
            "icon" : "resources/mini-hero/hero4-mini.png",
            "level" : 1,
            "combat" : {
                "support" : "00-0-0",
                "attack" : "00-1-0",
                "defense" : "00-2-0"
            },
            "exp" : {
                "total" : 100,
                "current" : 0
            },
            "health" : {
                "total" : 50,
                "current" : 50
            },
            "cp" : {
                "total" : 50,
                "current" : 50
            },
            "cost" : 100
        },
        {
            "heroID" : 4,
            "heroClass" : "01",
            "name" : "Panther",
            "img" : "resources/hero-icon/hero5-portrait.png",
            "icon" : "resources/mini-hero/hero5-mini.png",
            "level" : 1,
            "combat" : {
                "support" : "01-0-0",
                "attack" : "01-1-0",
                "defense" : "01-2-0"
            },
            "exp" : {
                "total" : 100,
                "current" : 0
            },
            "health" : {
                "total" : 50,
                "current" : 50
            },
            "cp" : {
                "total" : 50,
                "current" : 50
            },
            "cost" : 100

        }
    ]
}