{
    "skillImg" : [
        {
            "skillID" : "00-0-0",
            "img" : "resources/skill-icon/00-0-0.png",
            "combat" : {
                "type" : "heal",
                "value" : 10,
                "condition" : null
            }
        },

        {
            "skillID" : "00-1-0",
            "img" : "resources/skill-icon/00-1-0.png",
            "combat" : {
                "type" : "dmg",
                "value" : 10,
                "condition" : "burning",
                "turn" : 3,
                "statusImg" : "resources/enemy-status/burning-status.png"
            }
        },

        {
            "skillID" : "00-2-0",
            "img" : "resources/skill-icon/00-2-0.png",
            "combat" : {
                "type" : "debuff",
                "condition" : "confusion",
                "turn" : 3,
                "statusImg" : "resources/enemy-status/confusion-status.png"
            }
        },

        {
            "skillID" : "01-0-0",
            "img" : "resources/skill-icon/01-0-0.png",
            "combat" : {
                "type" : "buff-attack",
                "value" : 10,
                "condition" : null,
                "turn" : 1
            }
        },

        {
            "skillID" : "01-1-0",
            "img" : "resources/skill-icon/01-1-0.png",
            "combat" : {
                "type" : "dmg",
                "value" : 0,
                "condition" : "bleeding",
                "turn" : 3,
                "statusImg" : "resources/enemy-status/bleeding-status.png"
            }
        },

        {
            "skillID" : "01-2-0",
            "img" : "resources/skill-icon/01-2-0.png",
            "combat" : {
                "type" : "dmg-passThrough",
                "value" : 6,
                "condition" : null
            }
        },

        {
            "skillID" : "02-0-0",
            "img" : "resources/skill-icon/02-0-0.png",
            "combat" : {
                "type" : "buff-defense",
                "value" : 10,
                "condition" : null,
                "turn" : 1
            }
        },

        {
            "skillID" : "02-1-0",
            "img" : "resources/skill-icon/02-1-0.png",
            "combat" : {
                "type" : "dmg-block",
                "value" : 15,
                "condition" : null
            }
        },

        {
            "skillID" : "02-2-0",
            "img" : "resources/skill-icon/02-2-0.png",
            "combat" : {
                "type" : "block",
                "value" : 10,
                "condition" : null
            }
        }

    ]

}