{
  "__type__": "cc.AnimationClip",
  "_name": "player-debuffed",
  "_objFlags": 0,
  "_rawFiles": null,
  "_duration": 0.5,
  "sample": 60,
  "speed": 1,
  "wrapMode": 1,
  "curveData": {
    "props": {
      "color": [
        {
          "frame": 0,
          "value": {
            "__type__": "cc.Color",
            "r": 255,
            "g": 255,
            "b": 255,
            "a": 255
          }
        },
        {
          "frame": 0.25,
          "value": {
            "__type__": "cc.Color",
            "r": 150,
            "g": 56,
            "b": 168,
            "a": 255
          }
        },
        {
          "frame": 0.5,
          "value": {
            "__type__": "cc.Color",
            "r": 255,
            "g": 255,
            "b": 255,
            "a": 255
          }
        }
      ]
    }
  },
  "events": []
}