{
  "__type__": "cc.AnimationClip",
  "_name": "player-melee",
  "_objFlags": 0,
  "_rawFiles": null,
  "_duration": 0.5,
  "sample": 60,
  "speed": 1,
  "wrapMode": 1,
  "curveData": {
    "props": {
      "x": [
        {
          "frame": 0,
          "value": 282
        },
        {
          "frame": 0.23333333333333334,
          "value": 210
        },
        {
          "frame": 0.38333333333333336,
          "value": -217
        },
        {
          "frame": 0.5,
          "value": 282
        }
      ],
      "skewX": [
        {
          "frame": 0,
          "value": 0
        },
        {
          "frame": 0.38333333333333336,
          "value": -5
        },
        {
          "frame": 0.5,
          "value": 0
        }
      ]
    }
  },
  "events": []
}