{
  "__type__": "cc.AnimationClip",
  "_name": "playerdmg",
  "_objFlags": 0,
  "_rawFiles": null,
  "_duration": 0.5,
  "sample": 60,
  "speed": 1,
  "wrapMode": 1,
  "curveData": {
    "props": {
      "opacity": [
        {
          "frame": 0,
          "value": 0
        },
        {
          "frame": 0.25,
          "value": 255
        },
        {
          "frame": 0.5,
          "value": 0
        }
      ],
      "y": [
        {
          "frame": 0,
          "value": 15
        },
        {
          "frame": 0.5,
          "value": 75
        }
      ]
    }
  },
  "events": []
}