{
  "version": "1.1.1",
  "windows": {
    "main": {
      "main": true,
      "url": "app://editor/index.html",
      "windowType": "dockable",
      "x": 320,
      "y": 220,
      "width": 1280,
      "height": 720,
      "layout": {
        "children": [
          {
            "children": [
              {
                "active": 0,
                "children": [
                  "hierarchy"
                ],
                "height": 532,
                "type": "panel",
                "width": 311
              },
              {
                "active": 0,
                "children": [
                  "assets"
                ],
                "height": 513,
                "type": "panel",
                "width": 311
              }
            ],
            "height": 1048,
            "type": "dock-v",
            "width": 311
          },
          {
            "children": [
              {
                "children": [
                  {
                    "active": 0,
                    "children": [
                      "scene"
                    ],
                    "height": 779,
                    "type": "panel",
                    "width": 921.984375
                  },
                  {
                    "active": 0,
                    "children": [
                      "node-library"
                    ],
                    "height": 779,
                    "type": "panel",
                    "width": 204
                  }
                ],
                "height": 779,
                "type": "dock-h",
                "width": 1129
              },
              {
                "active": 0,
                "children": [
                  "console",
                  "timeline"
                ],
                "height": 266,
                "type": "panel",
                "width": 1129
              }
            ],
            "height": 1048,
            "type": "dock-v",
            "width": 1129
          },
          {
            "active": 0,
            "children": [
              "inspector"
            ],
            "height": 1048,
            "type": "panel",
            "width": 468
          }
        ],
        "type": "dock-h"
      },
      "panels": [
        "node-library",
        "console",
        "timeline",
        "inspector",
        "hierarchy",
        "assets",
        "scene"
      ]
    },
    "window-1531215678028": {}
  },
  "panels": {
    "builder": {
      "x": 702,
      "y": 200,
      "width": 516,
      "height": 739
    }
  }
}