{
  "appKey": "",
  "appSecret": "",
  "encryptJs": true,
  "excludeScenes": [],
  "fb-instant-games": {},
  "includeAnySDK": false,
  "includeSDKBox": false,
  "inlineSpriteFrames": true,
  "inlineSpriteFrames_native": true,
  "jailbreakPlatform": false,
  "md5Cache": false,
  "mergeStartScene": false,
  "oauthLoginServer": "",
  "optimizeHotUpdate": false,
  "orientation": {
    "landscapeLeft": true,
    "landscapeRight": true,
    "portrait": false,
    "upsideDown": false
  },
  "packageName": "org.cocos2d.TalesOfAdventures",
  "privateKey": "",
  "qqplay": {
    "REMOTE_SERVER_ROOT": "",
    "orientation": "portrait"
  },
  "renderMode": "0",
  "startScene": "6ed47117-c538-46cd-88c7-087fc18fa17f",
  "title": "TalesOfAdventures",
  "webOrientation": "auto",
  "wechatgame": {
    "REMOTE_SERVER_ROOT": "http://119.28.130.88:8080",
    "appid": "wxb5938a6e8e1cdfcf",
    "isSubdomain": false,
    "orientation": "landscape",
    "subContext": ""
  },
  "xxteaKey": "6313d833-fbab-4d",
  "zipCompressJs": true
}