{
  "__type__": "cc.AnimationClip",
  "_name": "enemy_idle",
  "_objFlags": 0,
  "_rawFiles": null,
  "_duration": 0.2,
  "sample": 60,
  "speed": 0.1,
  "wrapMode": "2",
  "curveData": {
    "props": {
      "y": [
        {
          "frame": 0,
          "value": 106
        },
        {
          "frame": 0.03333333333333333,
          "value": 116
        },
        {
          "frame": 0.06666666666666667,
          "value": 126
        },
        {
          "frame": 0.1,
          "value": 135
        },
        {
          "frame": 0.13333333333333333,
          "value": 126
        },
        {
          "frame": 0.16666666666666666,
          "value": 116
        },
        {
          "frame": 0.2,
          "value": 106
        }
      ]
    }
  },
  "events": []
}