{
    "current_status" : [],
    "current_fireteam" : [],
    "available_fireteam" : [
        {
            "name" : "法师",
            "type" : "elemental",
            "skill" : [
                {
                    "name" : "火球",
                    "dps" : 4
                },
                {
                    "name" : "法阵",
                    "dps" : null
                }
            ],
            "health-total" : 30,
            "health-current" : 30,
            "agility-total" : 80,
            "agility-current" : 80 
        },
        {
            "name" : "刺客",
            "type" : "physical",
            "skill" : [
                {
                    "name" : "背刺",
                    "dps" : 7
                },
                {
                    "name" : "闪光",
                    "dps" : null
                }
            ],
            "health-total" : 35,
            "health-current" : 35,
            "agility-total" : 100,
            "agility-current" : 100 
        },
        {
            "name" : "圣盾",
            "type" : "physical",
            "skill" : [
                {
                    "name" : "冲击",
                    "dps" : 5
                },
                {
                    "name" : "结盟"
                }
            ],
            "health-total" : 55,
            "health-current" : 55,
            "agility-total" : 50,
            "agility-current" : 50 
        },
        {
            "name" : "巫师",
            "type" : "elemental",
            "skill" : [
                {
                    "name" : "吸血",
                    "dps" : 3
                },
                {
                    "name" : "召唤"
                }
            ],
            "health-total" : 50,
            "health-current" : 50,
            "agility-total" : 70,
            "agility-current" : 70 
        },
        {
            "name" : "牧者",
            "type" : "elemental",
            "skill" : [
                {
                    "name" : "治疗",
                    "dps" : 4
                },
                {
                    "name" : "净化",
                    "dps" : null
                }
            ],
            "health-total" : 40,
            "health-current" : 40,
            "agility-total" : 90,
            "agility-current" : 90 
        },
        {
            "name" : "黑骑士",
            "type" : "physical",
            "skill" : [
                {
                    "name" : "恐惧",
                    "dps" : null
                },
                {
                    "name" : "支配",
                    "dps" : 1
                }
            ],
            "health-total" : 45,
            "health-current" : 45,
            "agility-total" : 60,
            "agility-current" : 60 
        }
    ]
}