{
    "current_status" : [],
    "current_fireteam" : [
        {
            "name" : "法师",
            "miniUrl" : "resources/hero-mini/hero1-mini.png",
            "heroModel" : "resources/hero-model/hero1/hero1-model.png",
            "type" : "elemental",
            "skill" : [
                {
                    "name" : "火球",
                    "icon" : "resources/skill-icon/火球.png",
                    "desc" : "resources/skill-info/火球.md",
                    "type" : "ele",
                    "dps" : 4,
                    "status" : "burning",
                    "statusUrl" : "resources/status-icon/burning-status.png",
                    "turn" : 2,
                    "dot" : 1
                },
                {
                    "name" : "法阵",
                    "icon" : "resources/skill-icon/法阵.png",
                    "desc" : "resources/skill-info/法阵.md",
                    "type" : null,
                    "dps" : null,
                    "status" : "dotBuff",
                    "statusUrl" : "resources/status-icon/dotBuff-status.png",
                    "turn" : 2,
                    "dot" : 1
                },
                {
                    "name" : "魔法力量",
                    "desc" : "resources/skill-info/魔法力量.md",
                    "status" : "tempDotBuff",
                    "type" : null,
                    "dps" : null,
                    "turn" : 1,
                    "dot" : 2
                }
            ],
            "healthTotal" : 30,
            "healthCurrent" : 30,
            "agilityTotal" : 80,
            "agilityCurrent" : 80 
        },
        {
            "name" : "刺客",
            "miniUrl" : "resources/hero-mini/hero2-mini.png",
            "heroModel" : "resources/hero-model/hero2/hero2-model.png",
            "type" : "physical",
            "skill" : [
                {
                    "name" : "背刺",
                    "icon" : "resources/skill-icon/背刺.png",
                    "desc" : "resources/skill-info/背刺.md",
                    "type" : "phys",
                    "dps" : 7,
                    "status" : null,
                    "statusUrl" : null,
                    "turn" : null,
                    "dot" : null
                },
                {
                    "name" : "闪光",
                    "icon" : "resources/skill-icon/闪光.png",
                    "desc" : "resources/skill-info/闪光.md",
                    "type" : null,
                    "dps" : null,
                    "status" : "confused",
                    "statusUrl" : "resources/status-icon/confusion-status.png",
                    "turn" : 1,
                    "dot" : null
                },
                {
                    "name" : "天生幸运",
                    "desc" : "resources/skill-info/天生幸运.md",
                    "type" : null,
                    "dps" : null,
                    "status" : "lucky",
                    "statusUrl" : null,
                    "turn" : 1,
                    "dot" : null
                }
            ],
            "healthTotal" : 35,
            "healthCurrent" : 35,
            "agilityTotal" : 100,
            "agilityCurrent" : 100 
        },
        {
            "name" : "圣盾",
            "miniUrl" : "resources/hero-mini/hero3-mini.png",
            "heroModel" : "resources/hero-model/hero3/hero3-model.png",
            "type" : "physical",
            "skill" : [
                {
                    "name" : "冲击",
                    "icon" : "resources/skill-icon/冲击.png",
                    "desc" : "resources/skill-info/冲击.md",
                    "type" : "phys",
                    "dps" : 5,
                    "selfdps" : 3,
                    "status" : null,
                    "statusUrl" : null,
                    "turn" : null,
                    "dot" : null
                },
                {
                    "name" : "结盟",
                    "icon" : "resources/skill-icon/结盟.png",
                    "desc" : "resources/skill-info/结盟.md"
                },
                {
                    "name" : "物理盾",
                    "desc" : "resources/skill-info/物理盾.md"
                }
            ],
            "healthTotal" : 55,
            "healthCurrent" : 55,
            "agilityTotal" : 50,
            "agilityCurrent" : 50 
        }
    ],
    "available_fireteam" : 
    [
        {
            "name" : "法师",
            "miniUrl" : "resources/hero-mini/hero1-mini.png",
            "type" : "elemental",
            "skill" : [
                {
                    "name" : "火球",
                    "dps" : 4
                },
                {
                    "name" : "法阵",
                    "dps" : null
                }
            ],
            "healthTotal" : 30,
            "healthCurrent" : 30,
            "agilityTotal" : 80,
            "agilityCurrent" : 80 
        },
        {
            "name" : "刺客",
            "miniUrl" : "resources/hero-mini/hero2-mini.png",
            "type" : "physical",
            "skill" : [
                {
                    "name" : "背刺",
                    "dps" : 7
                },
                {
                    "name" : "闪光",
                    "dps" : null
                }
            ],
            "healthTotal" : 35,
            "healthCurrent" : 35,
            "agilityTotal" : 100,
            "agilityCurrent" : 100 
        },
        {
            "name" : "圣盾",
            "miniUrl" : "resources/hero-mini/hero3-mini.png",
            "type" : "physical",
            "skill" : [
                {
                    "name" : "冲击",
                    "dps" : 5
                },
                {
                    "name" : "结盟"
                }
            ],
            "healthTotal" : 55,
            "healthCurrent" : 55,
            "agilityTotal" : 50,
            "agilityCurrent" : 50 
        },
        {
            "name" : "巫师",
            "miniUrl" : "resources/hero-mini/hero4-mini.png",
            "type" : "elemental",
            "skill" : [
                {
                    "name" : "吸血",
                    "dps" : 3
                },
                {
                    "name" : "召唤"
                }
            ],
            "healthTotal" : 50,
            "healthCurrent" : 50,
            "agilityTotal" : 70,
            "agilityCurrent" : 70 
        },
        {
            "name" : "牧者",
            "miniUrl" : "resources/hero-mini/hero5-mini.png",
            "type" : "elemental",
            "skill" : [
                {
                    "name" : "治疗",
                    "dps" : 4
                },
                {
                    "name" : "净化",
                    "dps" : null
                }
            ],
            "healthTotal" : 40,
            "healthCurrent" : 40,
            "agilityTotal" : 90,
            "agilityCurrent" : 90 
        },
        {
            "name" : "黑骑士",
            "miniUrl" : "resources/hero-mini/hero6-mini.png",
            "type" : "physical",
            "skill" : [
                {
                    "name" : "恐惧",
                    "dps" : null
                },
                {
                    "name" : "支配",
                    "dps" : 1
                }
            ],
            "healthTotal" : 45,
            "healthCurrent" : 45,
            "agilityTotal" : 60,
            "agilityCurrent" : 60 
        }
    ]
}