{
  "__type__": "cc.AnimationClip",
  "_name": "flash",
  "_objFlags": 0,
  "_rawFiles": null,
  "_duration": 0.5,
  "sample": 60,
  "speed": 1.1,
  "wrapMode": 1,
  "curveData": {
    "props": {
      "opacity": [
        {
          "frame": 0,
          "value": 0
        },
        {
          "frame": 0.25,
          "value": 255
        },
        {
          "frame": 0.5,
          "value": 0
        }
      ],
      "scale": [
        {
          "frame": 0,
          "value": {
            "__type__": "cc.Vec2",
            "x": 1.21,
            "y": 1.21
          }
        },
        {
          "frame": 0.25,
          "value": {
            "__type__": "cc.Vec2",
            "x": 1.73,
            "y": 1.73
          }
        },
        {
          "frame": 0.5,
          "value": {
            "__type__": "cc.Vec2",
            "x": 1.21,
            "y": 1.21
          }
        }
      ]
    }
  },
  "events": []
}