{
  "__type__": "cc.AnimationClip",
  "_name": "fireball",
  "_objFlags": 0,
  "_rawFiles": null,
  "_duration": 0.75,
  "sample": 60,
  "speed": 1,
  "wrapMode": 1,
  "curveData": {
    "props": {
      "x": [
        {
          "frame": 0,
          "value": -264
        },
        {
          "frame": 0.6666666666666666,
          "value": 269
        }
      ],
      "opacity": [
        {
          "frame": 0,
          "value": 0
        },
        {
          "frame": 0.16666666666666666,
          "value": 186.915
        },
        {
          "frame": 0.6666666666666666,
          "value": 255
        },
        {
          "frame": 0.75,
          "value": 0
        }
      ]
    }
  },
  "events": []
}