{
  "f8e6b000-5643-4b86-9080-aa680ce1f599": {
    "asset": 1528274427140,
    "meta": 1527580026000,
    "relativePath": "image"
  },
  "fc09f9bd-2cce-4605-b630-8145ef809ed6": {
    "asset": 1528274404332,
    "meta": 1527580026000,
    "relativePath": "misc"
  },
  "2be36297-9abb-4fee-8049-9ed5e271da8a": {
    "asset": 1527580026000,
    "meta": 1527580026000,
    "relativePath": "misc\\default_video.mp4"
  },
  "f6e6dd15-71d1-4ffe-ace7-24fd39942c05": {
    "asset": 1528274409047,
    "meta": 1527580026000,
    "relativePath": "obsolete"
  },
  "b8223619-7e38-47c4-841f-9160c232495a": {
    "asset": 1527580026000,
    "meta": 1527580026000,
    "relativePath": "obsolete\\atom.plist"
  },
  "f743d2b6-b7ea-4c14-a55b-547ed4d0a045": {
    "asset": 1528274404342,
    "meta": 1527580026000,
    "relativePath": "particle"
  },
  "b2687ac4-099e-403c-a192-ff477686f4f5": {
    "asset": 1527580026000,
    "meta": 1527580026000,
    "relativePath": "particle\\atom.plist"
  },
  "ae6c6c98-11e4-452f-8758-75f5c6a56e83": {
    "asset": 1528274463701,
    "meta": 1527580026000,
    "relativePath": "prefab"
  },
  "29f52784-2fca-467b-92e7-8fd9ef8c57b7": {
    "asset": 1529551052181,
    "meta": 1529373449820,
    "relativePath": "Scene"
  },
  "4734c20c-0db8-4eb2-92ea-e692f4d70934": {
    "asset": 1529906897192,
    "meta": 1529373449820,
    "relativePath": "Script"
  },
  "7b81d4e8-ec84-4716-968d-500ac1d78a54": {
    "asset": 1529633986568,
    "meta": 1529373449821,
    "relativePath": "Texture"
  },
  "36c16a5d-4d0c-4dd7-9527-722c786c7029": {
    "asset": 1529909311546,
    "meta": 1529393405045,
    "relativePath": "resources"
  },
  "e8ce35e2-81a5-49c0-bd62-ed1fb954b73e": {
    "asset": 1529933895465,
    "meta": 1529933895496,
    "relativePath": "Scene\\Main View.fire"
  },
  "b2bda7c4-d04f-49b6-a96a-9b410576aed1": {
    "asset": 1529394243157,
    "meta": 1529393570758,
    "relativePath": "Texture\\Main View"
  },
  "860096c3-a744-4f74-ba9f-ebfc6201a59b": {
    "asset": 1529393960969,
    "meta": 1529393962570,
    "relativePath": "Texture\\Main View\\background.png"
  },
  "926eaa95-666a-40ab-a81f-b94ba08ced78": {
    "asset": 1529394153003,
    "meta": 1529394228989,
    "relativePath": "Texture\\Hero View\\CP_btn.png"
  },
  "1d61813f-f343-48ad-a53c-9d7be5739def": {
    "asset": 1529394178378,
    "meta": 1529394228992,
    "relativePath": "Texture\\Hero View\\Delete_btn.png"
  },
  "f4db9f42-ee63-4e82-8c19-3f75e5bc96fe": {
    "asset": 1529394128957,
    "meta": 1529394229000,
    "relativePath": "Texture\\Hero View\\health_btn.png"
  },
  "dfbcc6c2-6494-4a0f-b449-c85b5132cf8f": {
    "asset": 1529394171179,
    "meta": 1529394229013,
    "relativePath": "Texture\\Hero View\\Skill_btn.png"
  },
  "65298fc9-6a6b-4f5c-b9cb-a954f519bf45": {
    "asset": 1529477061491,
    "meta": 1529394234686,
    "relativePath": "Texture\\Hero View"
  },
  "1e75b9d3-9c32-4442-bd86-2089cb61dd05": {
    "asset": 1529394988598,
    "meta": 1529394883286,
    "relativePath": "Fonts"
  },
  "bef02ab3-278b-4bb0-81ca-c7bfa475643f": {
    "asset": 1529394988596,
    "meta": 1529394988606,
    "relativePath": "Fonts\\Pocket Monk.ttf"
  },
  "adc7550f-edc3-436a-97ca-a4ebf8da35eb": {
    "asset": 1529396575150,
    "meta": 1529396600601,
    "relativePath": "Texture\\Hero View\\hero2-portrait.png"
  },
  "5c42bf0a-cbd2-4d9c-bf9d-58a9ea08f6dd": {
    "asset": 1529397066974,
    "meta": 1529397072414,
    "relativePath": "Texture\\Hero View\\hero1-portrait.png"
  },
  "9791f6a2-2c77-40f4-b70e-6a2b5bc60169": {
    "asset": 1529397036465,
    "meta": 1529397072416,
    "relativePath": "Texture\\Hero View\\hero3-portrait.png"
  },
  "bc433d31-e336-4e1b-8d6d-900d8b996dfe": {
    "asset": 1529397398418,
    "meta": 1529397403431,
    "relativePath": "Texture\\Hero View\\health_bar_empty.png"
  },
  "21a48e7b-2a9b-4531-bbad-b14e574cbf26": {
    "asset": 1529401882310,
    "meta": 1529401883686,
    "relativePath": "Texture\\Hero View\\health_bar_progress.png"
  },
  "da88734b-755c-4f34-afa9-caed6606ca21": {
    "asset": 1529401949225,
    "meta": 1529401951095,
    "relativePath": "Texture\\Hero View\\cp_bar_empty.png"
  },
  "f58dd7a8-79bc-409c-8867-32fdb3e9b851": {
    "asset": 1529401988993,
    "meta": 1529401990666,
    "relativePath": "Texture\\Hero View\\cp_bar_progress.png"
  },
  "fd9c88a4-065f-413c-b0a5-b9d61fda6ec9": {
    "asset": 1529402063754,
    "meta": 1529402065074,
    "relativePath": "Texture\\Hero View\\exp_progress_empty.png"
  },
  "119990a7-784b-4e05-9e5e-9b3b5eec91d9": {
    "asset": 1529402114409,
    "meta": 1529402115540,
    "relativePath": "Texture\\Hero View\\exp_progress_full.png"
  },
  "79769208-75bb-4c89-b935-1db2cf1bf4e2": {
    "asset": 1529463564393,
    "meta": 1529463587891,
    "relativePath": "Texture\\Hero View\\hero4-portrait.png"
  },
  "11a87442-b222-4b4f-a641-198ddd17748d": {
    "asset": 1529463583080,
    "meta": 1529463587893,
    "relativePath": "Texture\\Hero View\\hero5-portrait.png"
  },
  "edc72f55-8d0c-4906-bedb-c1a09fc757ed": {
    "asset": 1529465252591,
    "meta": 1529465265768,
    "relativePath": "Texture\\Hero View\\heroCreate-btn.png"
  },
  "d21a8617-2abb-448d-b2d4-994ccc4fd53f": {
    "asset": 1529634231095,
    "meta": 1529475726111,
    "relativePath": "Prefab"
  },
  "ca3f7285-2b11-44b7-bdbb-23d3a069fb22": {
    "asset": 1529486576864,
    "meta": 1529486576873,
    "relativePath": "Prefab\\heroIcon.prefab"
  },
  "1e15f81a-562f-405a-8d7f-806568485f11": {
    "asset": 1529476633862,
    "meta": 1529476635799,
    "relativePath": "Texture\\Hero View\\Back_btn.png"
  },
  "3e3a42a5-0237-4722-92e2-b8612d521997": {
    "asset": 1529477058852,
    "meta": 1529477061525,
    "relativePath": "Texture\\Hero View\\selection_window.png"
  },
  "046d2d23-0f2f-496d-8bd5-30e16e42bb79": {
    "asset": 1529479300810,
    "meta": 1529479300847,
    "relativePath": "resources\\hero-icon\\hero1-portrait.png"
  },
  "29a0ca05-a3e3-4f09-a89a-b41051a519e6": {
    "asset": 1529479300910,
    "meta": 1529479301033,
    "relativePath": "resources\\hero-icon\\hero2-portrait.png"
  },
  "af749d15-6445-4a27-8956-f54f9f1773a8": {
    "asset": 1529479301077,
    "meta": 1529479301190,
    "relativePath": "resources\\hero-icon\\hero3-portrait.png"
  },
  "896d1818-d38c-494c-b24c-5fd95fc2eb6b": {
    "asset": 1529479301227,
    "meta": 1529479301341,
    "relativePath": "resources\\hero-icon\\hero4-portrait.png"
  },
  "b772ad40-bfc3-4ace-a8e2-4cc8790ad9ef": {
    "asset": 1529479301381,
    "meta": 1529479301497,
    "relativePath": "resources\\hero-icon\\hero5-portrait.png"
  },
  "5c3da5c5-5c93-45b0-8326-09b52dd9355c": {
    "asset": 1529481396442,
    "meta": 1529481389298,
    "relativePath": "resources\\hero-icon"
  },
  "f8e44629-7c13-4f34-af8b-0bc4eb56c410": {
    "asset": 1529550879387,
    "meta": 1529550882878,
    "relativePath": "Script\\HeroItemTemplate.js"
  },
  "93eeee87-2127-42e5-a834-4b766801405d": {
    "asset": 1529550982677,
    "meta": 1529551026400,
    "relativePath": "Script\\HeroSelectionList.js"
  },
  "974770d8-e624-430e-bd55-6c394bff4786": {
    "asset": 1530181266377,
    "meta": 1530181266400,
    "relativePath": "Scene\\Battle View.fire"
  },
  "5cfa5665-f14c-4b7f-9c9a-e7d9f1bf70c5": {
    "asset": 1529563608409,
    "meta": 1529551458222,
    "relativePath": "Texture\\Battle View"
  },
  "718694f5-6cc1-4a9e-9b60-010591301e71": {
    "asset": 1529551708630,
    "meta": 1529551722110,
    "relativePath": "Texture\\Battle View\\background.png"
  },
  "6c73af31-082b-4739-8bab-4ee4ba90b35c": {
    "asset": 1529576299211,
    "meta": 1529551800890,
    "relativePath": "resources\\mini-hero"
  },
  "2ea5fd8c-453a-4246-84e4-6199b11509dd": {
    "asset": 1529562000879,
    "meta": 1529562004675,
    "relativePath": "Script\\HeroView.js"
  },
  "b1070f22-9266-4874-8501-5dae7027e9cf": {
    "asset": 1529562170431,
    "meta": 1529562175335,
    "relativePath": "Texture\\Battle View\\mini-hero-empty.png"
  },
  "395da96c-a00f-43ea-b64a-f33fe362ab0d": {
    "asset": 1529562258395,
    "meta": 1529562260048,
    "relativePath": "Texture\\Battle View\\battleBtn.png"
  },
  "c665aef0-4698-4c16-8469-2ca7ee2a5467": {
    "asset": 1529562307125,
    "meta": 1529562308156,
    "relativePath": "Texture\\Battle View\\swordIcon.png"
  },
  "fd961990-b2af-46b2-bfac-88806cab5007": {
    "asset": 1529562349126,
    "meta": 1529562349857,
    "relativePath": "Texture\\Battle View\\wandIcon.png"
  },
  "abfa7392-4154-4fdc-be47-553b438dc2dd": {
    "asset": 1529562429161,
    "meta": 1529562429884,
    "relativePath": "Texture\\Battle View\\shieldIcon.png"
  },
  "b9fef385-f203-4915-8cbf-16900f7b05e5": {
    "asset": 1529562513443,
    "meta": 1529562514520,
    "relativePath": "Texture\\Battle View\\enemy.png"
  },
  "c68be631-84b6-4e00-9a19-c1996ab9ca64": {
    "asset": 1529562997747,
    "meta": 1529563004837,
    "relativePath": "Texture\\Battle View\\skillBtn-empty.png"
  },
  "3b36916b-460b-4028-a222-d80ec10f5f83": {
    "asset": 1529563240347,
    "meta": 1529563241840,
    "relativePath": "Texture\\Battle View\\enemy-health-empty.png"
  },
  "497c4c9a-4710-41f6-b3b4-c5614609be3a": {
    "asset": 1529563607067,
    "meta": 1529563608423,
    "relativePath": "Texture\\Battle View\\enemy-health-progress.png"
  },
  "a47e4965-5296-44e0-b79f-320acddafe83": {
    "asset": 1529565106584,
    "meta": 1529565192028,
    "relativePath": "resources\\mini-hero\\hero1-mini.png"
  },
  "47bfb10f-24fd-47eb-9e84-1befb1bb73de": {
    "asset": 1529565127891,
    "meta": 1529565192029,
    "relativePath": "resources\\mini-hero\\hero2-mini.png"
  },
  "b9e46531-a1ca-4e5e-9f9d-0a57ef060797": {
    "asset": 1529565152012,
    "meta": 1529565192039,
    "relativePath": "resources\\mini-hero\\hero4-mini.png"
  },
  "c1145ad4-d5e0-4939-abfe-5189c0dd7da2": {
    "asset": 1529565141765,
    "meta": 1529565192042,
    "relativePath": "resources\\mini-hero\\hero3-mini.png"
  },
  "026d562a-0756-48ad-b6fe-1f7fecb8e6dd": {
    "asset": 1529565162365,
    "meta": 1529565192051,
    "relativePath": "resources\\mini-hero\\hero5-mini.png"
  },
  "f62bbd28-ff7a-4dfe-abba-67349d9e8a24": {
    "asset": 1529570556468,
    "meta": 1529567784258,
    "relativePath": "resources\\skill-icon"
  },
  "72b316f9-629c-401d-ab50-44a062443521": {
    "asset": 1529567539058,
    "meta": 1529567784292,
    "relativePath": "resources\\skill-icon\\00-0-0.png"
  },
  "17076f77-a8ff-4ed5-afd6-e520a695f078": {
    "asset": 1529568406070,
    "meta": 1529569105044,
    "relativePath": "resources\\skill-icon\\00-1-0.png"
  },
  "181b098c-b6e5-4dd5-8b20-5e953c286811": {
    "asset": 1529570110841,
    "meta": 1529570556492,
    "relativePath": "resources\\skill-icon\\01-0-0.png"
  },
  "72f4fcff-e64d-47fe-9887-e72cd0678dc5": {
    "asset": 1529569700018,
    "meta": 1529570556496,
    "relativePath": "resources\\skill-icon\\00-2-0.png"
  },
  "76a84e0e-c4c6-470c-a1c8-3f4193486813": {
    "asset": 1529570376575,
    "meta": 1529570556507,
    "relativePath": "resources\\skill-icon\\01-2-0.png"
  },
  "57d587a0-1acf-40dc-a2fa-26a97aed5eb4": {
    "asset": 1529569881388,
    "meta": 1529570556509,
    "relativePath": "resources\\skill-icon\\01-1-0.png"
  },
  "f10b31a5-e244-4dac-adef-e1bd1ff8ac54": {
    "asset": 1529570461598,
    "meta": 1529570556528,
    "relativePath": "resources\\skill-icon\\02-1-0.png"
  },
  "e803b255-928d-4d40-a58a-5967b45ebd6c": {
    "asset": 1529570154490,
    "meta": 1529570556529,
    "relativePath": "resources\\skill-icon\\02-0-0.png"
  },
  "5a00a7cf-3629-431c-9e3b-7221ee617c17": {
    "asset": 1529570541109,
    "meta": 1529570556536,
    "relativePath": "resources\\skill-icon\\02-2-0.png"
  },
  "763f2e91-876e-4251-865f-830cbadc8edd": {
    "asset": 1529576299207,
    "meta": 1529576299226,
    "relativePath": "resources\\mini-hero\\mini-hero-empty.png"
  },
  "69606f2c-cbf6-4b9b-85b6-43d92dfc31b7": {
    "asset": 1529649135811,
    "meta": 1529563769028,
    "relativePath": "animation"
  },
  "9e97fbb4-dc13-478d-a15a-a6f4e0c626ea": {
    "asset": 1529909320092,
    "meta": 1529633986568,
    "relativePath": "Texture\\Enemy View"
  },
  "cbdf5b52-947a-43d7-ba10-0f4063a50224": {
    "asset": 1529633484737,
    "meta": 1529633986604,
    "relativePath": "resources\\enemy-status\\bleeding-status.png"
  },
  "9cd927f8-fb1d-4780-83e4-2eae816c9db2": {
    "asset": 1529633973653,
    "meta": 1529633986607,
    "relativePath": "resources\\enemy-status\\buffed-status.png"
  },
  "f7a16fb0-5298-4bd6-a21c-a35c0e5c1328": {
    "asset": 1529633637479,
    "meta": 1529633986617,
    "relativePath": "resources\\enemy-status\\confusion-status.png"
  },
  "15775b79-a676-435e-9c8e-dedae8d1e84a": {
    "asset": 1529633412082,
    "meta": 1529633986617,
    "relativePath": "resources\\enemy-status\\burning-status.png"
  },
  "cb780c4d-9e58-4c7c-9202-d9510ada80b2": {
    "asset": 1529911405711,
    "meta": 1529911405722,
    "relativePath": "Prefab\\status-icon.prefab"
  },
  "364d1099-091f-414b-bb4a-ef147484dfb6": {
    "asset": 1529648542929,
    "meta": 1529648546712,
    "relativePath": "Texture\\Enemy View\\block-intent.png"
  },
  "8523cecf-cac3-4181-a328-883b4db8c836": {
    "asset": 1529648830913,
    "meta": 1529648833582,
    "relativePath": "Texture\\Enemy View\\shield-icon.png"
  },
  "1e3a3c26-6a2c-40a1-bd4e-dfe41abf6ec7": {
    "asset": 1529649267038,
    "meta": 1529649267046,
    "relativePath": "animation\\enemy_idle.anim"
  },
  "49589cb3-54a7-4318-8bb5-87042f46989d": {
    "asset": 1529653399782,
    "meta": 1529653504952,
    "relativePath": "Texture\\Enemy View\\buff-intent.png"
  },
  "5e1d732c-b42d-44c9-99bd-ba4c947a4984": {
    "asset": 1529653500091,
    "meta": 1529653504960,
    "relativePath": "Texture\\Enemy View\\debuff-intent.png"
  },
  "144c0841-10ba-40ac-8247-a58a1a62dd04": {
    "asset": 1529653448632,
    "meta": 1529653504981,
    "relativePath": "Texture\\Enemy View\\attack-intent.png"
  },
  "2be9c85e-11ea-4028-9c4f-a1dce001f01e": {
    "asset": 1529661285942,
    "meta": 1529661308269,
    "relativePath": "Script\\playerController.js"
  },
  "44cc6335-04bd-4f04-9c22-f4f4f007c139": {
    "asset": 1529909320092,
    "meta": 1529909307624,
    "relativePath": "resources\\enemy-status"
  },
  "50cd5d55-8c84-4b2d-bd04-64951381c92c": {
    "asset": 1529909790738,
    "meta": 1529573525038,
    "relativePath": "resources\\skill-info.json"
  },
  "699ea523-77c6-428b-ab74-321ef7631f20": {
    "asset": 1529910443955,
    "meta": 1529910444678,
    "relativePath": "Script\\enemyStatusList.js"
  },
  "7566e86e-6d61-4719-b141-5ee533d46b49": {
    "asset": 1529911171173,
    "meta": 1529911171720,
    "relativePath": "Script\\enemyStatusTemplate.js"
  },
  "3b81d89c-bc6c-4a6e-9bc3-16a62fdc7790": {
    "asset": 1529912009986,
    "meta": 1529912098090,
    "relativePath": "Script\\enemyController.js"
  },
  "1d105f6f-2a6d-45ef-afa6-1d9257fe92cb": {
    "asset": 1529911958059,
    "meta": 1529912098098,
    "relativePath": "Script\\global.js"
  },
  "649ba501-eab1-428e-a8da-ec5379ee847c": {
    "asset": 1529912771637,
    "meta": 1529566749379,
    "relativePath": "resources\\enemy-info.json"
  },
  "afab5485-4199-4f52-9c4f-2843ae3bfd30": {
    "asset": 1529913128971,
    "meta": 1529913130878,
    "relativePath": "Script\\GameViewController.js"
  },
  "4279d866-08bd-4e98-b536-02e423a975af": {
    "asset": 1529918056529,
    "meta": 1529458830986,
    "relativePath": "resources\\hero-info.json"
  },
  "8c5001fd-07ee-4a4b-a8a0-63e15195e94d": {
    "asset": 1527580026000,
    "meta": 1530172561649,
    "relativePath": "prefab\\webview.prefab"
  },
  "71561142-4c83-4933-afca-cb7a17f67053": {
    "asset": 1527580026000,
    "meta": 1530176001666,
    "relativePath": "image\\default_btn_disabled.png"
  },
  "e851e89b-faa2-4484-bea6-5c01dd9f06e2": {
    "asset": 1527580026000,
    "meta": 1530176001669,
    "relativePath": "image\\default_btn_normal.png"
  },
  "b43ff3c2-02bb-4874-81f7-f2dea6970f18": {
    "asset": 1527580026000,
    "meta": 1530176001677,
    "relativePath": "image\\default_btn_pressed.png"
  },
  "d81ec8ad-247c-4e62-aa3c-d35c4193c7af": {
    "asset": 1527580026000,
    "meta": 1530176001680,
    "relativePath": "image\\default_panel.png"
  },
  "99170b0b-d210-46f1-b213-7d9e3f23098a": {
    "asset": 1527580026000,
    "meta": 1530176001689,
    "relativePath": "image\\default_progressbar_bg.png"
  },
  "cfef78f1-c8df-49b7-8ed0-4c953ace2621": {
    "asset": 1527580026000,
    "meta": 1530176001691,
    "relativePath": "image\\default_progressbar.png"
  },
  "567dcd80-8bf4-4535-8a5a-313f1caf078a": {
    "asset": 1527580026000,
    "meta": 1530176001698,
    "relativePath": "image\\default_radio_button_off.png"
  },
  "9d60001f-b5f4-4726-a629-2659e3ded0b8": {
    "asset": 1527580026000,
    "meta": 1530176001701,
    "relativePath": "image\\default_radio_button_on.png"
  },
  "4bab67cb-18e6-4099-b840-355f0473f890": {
    "asset": 1527580026000,
    "meta": 1530176001706,
    "relativePath": "image\\default_scrollbar_bg.png"
  },
  "617323dd-11f4-4dd3-8eec-0caf6b3b45b9": {
    "asset": 1527580026000,
    "meta": 1530176001708,
    "relativePath": "image\\default_scrollbar_vertical_bg.png"
  },
  "0291c134-b3da-4098-b7b5-e397edbe947f": {
    "asset": 1527580026000,
    "meta": 1530176001714,
    "relativePath": "image\\default_scrollbar.png"
  },
  "d6d3ca85-4681-47c1-b5dd-d036a9d39ea2": {
    "asset": 1527580026000,
    "meta": 1530176001717,
    "relativePath": "image\\default_scrollbar_vertical.png"
  },
  "0275e94c-56a7-410f-bd1a-fc7483f7d14a": {
    "asset": 1527580026000,
    "meta": 1530176001722,
    "relativePath": "image\\default_sprite_splash.png"
  },
  "6e056173-d285-473c-b206-40a7fff5386e": {
    "asset": 1527580026000,
    "meta": 1530176001724,
    "relativePath": "image\\default_sprite.png"
  },
  "c25b9d50-c8fc-4d27-beeb-6e7c1f2e5c0f": {
    "asset": 1527580026000,
    "meta": 1530176001730,
    "relativePath": "image\\default_toggle_disabled.png"
  },
  "73a0903d-d80e-4e3c-aa67-f999543c08f5": {
    "asset": 1527580026000,
    "meta": 1530176001732,
    "relativePath": "image\\default_toggle_checkmark.png"
  },
  "d29077ba-1627-4a72-9579-7b56a235340c": {
    "asset": 1527580026000,
    "meta": 1530176001738,
    "relativePath": "image\\default_toggle_normal.png"
  },
  "b181c1e4-0a72-4a91-bfb0-ae6f36ca60bd": {
    "asset": 1527580026000,
    "meta": 1530176001740,
    "relativePath": "image\\default_toggle_pressed.png"
  },
  "972b9a4d-47ee-4c74-b5c3-61d8a69bc29f": {
    "asset": 1527580026000,
    "meta": 1530176001743,
    "relativePath": "prefab\\button.prefab"
  },
  "2c937608-2562-40ea-b264-7395df6f0cea": {
    "asset": 1527580026000,
    "meta": 1530186078774,
    "relativePath": "prefab\\canvas.prefab"
  },
  "61aeb05b-3b32-452b-8eed-2b76deeed554": {
    "asset": 1527580026000,
    "meta": 1530186078776,
    "relativePath": "prefab\\editbox.prefab"
  },
  "785a442c-3ceb-45be-a46e-7317f625f3b9": {
    "asset": 1527580026000,
    "meta": 1530186078780,
    "relativePath": "prefab\\layout.prefab"
  },
  "27756ebb-3d33-44b0-9b96-e858fadd4dd4": {
    "asset": 1527580026000,
    "meta": 1530186078781,
    "relativePath": "prefab\\label.prefab"
  },
  "ca8401fe-ad6e-41a8-bd46-8e3e4e9945be": {
    "asset": 1527580026000,
    "meta": 1530186078785,
    "relativePath": "prefab\\pageview.prefab"
  },
  "cd33edea-55f5-46c2-958d-357a01384a36": {
    "asset": 1527580026000,
    "meta": 1530186078786,
    "relativePath": "prefab\\particlesystem.prefab"
  },
  "4a37dd57-78cd-4cec-aad4-f11a73d12b63": {
    "asset": 1527580026000,
    "meta": 1530186078790,
    "relativePath": "prefab\\richtext.prefab"
  },
  "5965ffac-69da-4b55-bcde-9225d0613c28": {
    "asset": 1527580026000,
    "meta": 1530186078791,
    "relativePath": "prefab\\progressBar.prefab"
  },
  "32044bd2-481f-4cf1-a656-e2b2fb1594eb": {
    "asset": 1527580026000,
    "meta": 1530186078799,
    "relativePath": "prefab\\scrollview.prefab"
  },
  "0004d1cf-a0ad-47d8-ab17-34d3db9d35a3": {
    "asset": 1527580026000,
    "meta": 1530186078800,
    "relativePath": "prefab\\slider.prefab"
  },
  "1f55e3be-b89b-4b79-88de-47fd31018044": {
    "asset": 1527580026000,
    "meta": 1530186078805,
    "relativePath": "prefab\\sprite_splash.prefab"
  },
  "96083d03-c332-4a3f-9386-d03e2d19e8ee": {
    "asset": 1527580026000,
    "meta": 1530186078806,
    "relativePath": "prefab\\sprite.prefab"
  },
  "7de03a80-4457-438d-95a7-3e7cdffd6086": {
    "asset": 1527580026000,
    "meta": 1530186078811,
    "relativePath": "prefab\\tiledmap.prefab"
  },
  "0d784963-d024-4ea6-a7db-03be0ad63010": {
    "asset": 1527580026000,
    "meta": 1530186078811,
    "relativePath": "prefab\\toggle.prefab"
  },
  "bf0a434c-84dd-4a8e-a08a-7a36f180cc75": {
    "asset": 1527580026000,
    "meta": 1530186078818,
    "relativePath": "prefab\\toggleContainer.prefab"
  },
  "d1b8be49-b0a0-435c-83b7-552bed4bbe35": {
    "asset": 1527580026000,
    "meta": 1530186078819,
    "relativePath": "prefab\\toggleGroup.prefab"
  },
  "232d2782-c4bd-4bb4-9e01-909f03d6d3b9": {
    "asset": 1527580026000,
    "meta": 1530186078822,
    "relativePath": "prefab\\videoplayer.prefab"
  }
}