{
  "f8e6b000-5643-4b86-9080-aa680ce1f599": {
    "asset": 1528274427140,
    "meta": 1527580026000,
    "relativePath": "image"
  },
  "fc09f9bd-2cce-4605-b630-8145ef809ed6": {
    "asset": 1528274404332,
    "meta": 1527580026000,
    "relativePath": "misc"
  },
  "2be36297-9abb-4fee-8049-9ed5e271da8a": {
    "asset": 1527580026000,
    "meta": 1527580026000,
    "relativePath": "misc\\default_video.mp4"
  },
  "f6e6dd15-71d1-4ffe-ace7-24fd39942c05": {
    "asset": 1528274409047,
    "meta": 1527580026000,
    "relativePath": "obsolete"
  },
  "b8223619-7e38-47c4-841f-9160c232495a": {
    "asset": 1527580026000,
    "meta": 1527580026000,
    "relativePath": "obsolete\\atom.plist"
  },
  "f743d2b6-b7ea-4c14-a55b-547ed4d0a045": {
    "asset": 1528274404342,
    "meta": 1527580026000,
    "relativePath": "particle"
  },
  "b2687ac4-099e-403c-a192-ff477686f4f5": {
    "asset": 1527580026000,
    "meta": 1527580026000,
    "relativePath": "particle\\atom.plist"
  },
  "ae6c6c98-11e4-452f-8758-75f5c6a56e83": {
    "asset": 1528274463701,
    "meta": 1527580026000,
    "relativePath": "prefab"
  },
  "29f52784-2fca-467b-92e7-8fd9ef8c57b7": {
    "asset": 1529978354440,
    "meta": 1529977516402,
    "relativePath": "Scene"
  },
  "4734c20c-0db8-4eb2-92ea-e692f4d70934": {
    "asset": 1530499754966,
    "meta": 1529977516402,
    "relativePath": "Script"
  },
  "7b81d4e8-ec84-4716-968d-500ac1d78a54": {
    "asset": 1530585662718,
    "meta": 1529977516402,
    "relativePath": "Texture"
  },
  "dab5bb9e-bbdb-4133-a790-f2945ff41410": {
    "asset": 1530155850472,
    "meta": 1529977552930,
    "relativePath": "resources"
  },
  "abda9278-7a4a-4c7b-91bc-2f6b47cce225": {
    "asset": 1530588968597,
    "meta": 1529977557550,
    "relativePath": "Prefab"
  },
  "dda6c51a-78f9-4111-93eb-a6ddc35e9563": {
    "asset": 1530085379982,
    "meta": 1529977563540,
    "relativePath": "Animation"
  },
  "af89ca72-ba0d-432b-84fa-6605e10102a4": {
    "asset": 1529978091779,
    "meta": 1529977602773,
    "relativePath": "Fonts"
  },
  "02fec17d-a50b-4137-a319-13ac46781350": {
    "asset": 1529394988596,
    "meta": 1529977803237,
    "relativePath": "Fonts\\Pocket Monk.ttf"
  },
  "8b17fe61-4717-4dc6-ae0a-5f2e3cb2cfe2": {
    "asset": 1529977968040,
    "meta": 1529977968075,
    "relativePath": "Fonts\\方正兰亭大黑_GBK.ttf"
  },
  "a84c7f06-6e07-404c-85d7-5d1aa609f207": {
    "asset": 1529978086999,
    "meta": 1529978087054,
    "relativePath": "Fonts\\方正兰亭中黑_GBK.TTF"
  },
  "963cf995-1767-4726-9c5f-b3f80f6bb5e4": {
    "asset": 1529978091777,
    "meta": 1529978091797,
    "relativePath": "Fonts\\方正兰亭细黑_GBK.TTF"
  },
  "97a01ba8-e1e5-4ad3-8976-53dfae828e65": {
    "asset": 1529981769216,
    "meta": 1529981775946,
    "relativePath": "Texture\\battle-view\\battle-background.png"
  },
  "79d1cb4e-030e-4091-9da5-b86e75911255": {
    "asset": 1530585553893,
    "meta": 1529982148875,
    "relativePath": "Texture\\battle-view"
  },
  "fba64b70-b23a-422d-af06-5992b13b100a": {
    "asset": 1529982146124,
    "meta": 1529982148898,
    "relativePath": "Texture\\battle-view\\health-bar.png"
  },
  "f2139eae-d954-4827-916a-3b0b87a54cbd": {
    "asset": 1529982199351,
    "meta": 1529982199876,
    "relativePath": "Texture\\battle-view\\turn-icon.png"
  },
  "a9186558-fd7a-4d97-a8fe-4a91e38f2540": {
    "asset": 1529982759458,
    "meta": 1529982761152,
    "relativePath": "Texture\\battle-view\\health-progress.png"
  },
  "a40f3eb4-a67c-4045-b6f8-1870ac623b53": {
    "asset": 1529983506150,
    "meta": 1529983513988,
    "relativePath": "Texture\\battle-view\\heroborder.png"
  },
  "0655a48a-b7b2-424c-9065-1cfb0381acf8": {
    "asset": 1529984190496,
    "meta": 1529984158138,
    "relativePath": "resources\\hero-mini"
  },
  "1bf63697-b162-4a16-8525-1b76a60e0ef7": {
    "asset": 1529984104234,
    "meta": 1529984158166,
    "relativePath": "resources\\hero-mini\\hero1-mini.png"
  },
  "fd03195e-31cb-48ef-875c-9bb0d87d7450": {
    "asset": 1529984113786,
    "meta": 1529984158167,
    "relativePath": "resources\\hero-mini\\hero2-mini.png"
  },
  "0f634548-9db3-40a6-aefb-8f6749bf700a": {
    "asset": 1529984121595,
    "meta": 1529984158175,
    "relativePath": "resources\\hero-mini\\hero3-mini.png"
  },
  "053b0c86-7c6c-456b-bc10-b750227afd81": {
    "asset": 1529984130292,
    "meta": 1529984158178,
    "relativePath": "resources\\hero-mini\\hero4-mini.png"
  },
  "b7307363-8efe-4482-8693-4665bc1d9f50": {
    "asset": 1529984142393,
    "meta": 1529984158193,
    "relativePath": "resources\\hero-mini\\hero5-mini.png"
  },
  "6a11deb7-5ce6-4a02-9f30-78232fc4116f": {
    "asset": 1529984154130,
    "meta": 1529984158195,
    "relativePath": "resources\\hero-mini\\hero6-mini.png"
  },
  "b0071eeb-1f52-40ee-9f76-849c199cd225": {
    "asset": 1529984189994,
    "meta": 1529984190507,
    "relativePath": "resources\\hero-mini\\hero-empty.png"
  },
  "030303a0-fa58-4cd5-bdbe-3f3b5a35926b": {
    "asset": 1529984503967,
    "meta": 1529984504558,
    "relativePath": "Texture\\battle-view\\changeBtn.png"
  },
  "15e96945-253a-4fb7-b44f-c195f9c3b4b4": {
    "asset": 1529987405851,
    "meta": 1529985004825,
    "relativePath": "resources\\hero-model"
  },
  "a9d9e0c6-a711-493a-a51d-d1350e1f0014": {
    "asset": 1529985484636,
    "meta": 1529985185430,
    "relativePath": "resources\\hero-model\\enemy-test"
  },
  "233b9337-93e8-4fc8-b316-9a54eeffb0d4": {
    "asset": 1529988385473,
    "meta": 1529985185433,
    "relativePath": "resources\\hero-model\\hero1"
  },
  "0edc9aa0-c694-4bbb-b8a2-2140d31df44c": {
    "asset": 1529985484634,
    "meta": 1529985486007,
    "relativePath": "resources\\hero-model\\enemy-test\\enemy-model.png"
  },
  "a3010eb2-6c07-48cf-8ba5-4ff4cf6e49c7": {
    "asset": 1529986381824,
    "meta": 1529988380444,
    "relativePath": "resources\\hero-model\\hero1\\hero1-model.png"
  },
  "7da1524a-bb08-4a80-bbb8-819b944da9da": {
    "asset": 1529987479681,
    "meta": 1529986424932,
    "relativePath": "resources\\hero-model\\hero2"
  },
  "9968e67b-36ee-4bdc-bcb7-85d2b6b338ff": {
    "asset": 1529986817226,
    "meta": 1529986817225,
    "relativePath": "resources\\hero-model\\hero3"
  },
  "0546395e-bd75-44ef-a083-cf95c9a400bd": {
    "asset": 1529986814393,
    "meta": 1529986817248,
    "relativePath": "resources\\hero-model\\hero3\\hero3-model.png"
  },
  "44a91a5a-c220-4fb1-859b-64847a9241e6": {
    "asset": 1529988385473,
    "meta": 1529987048831,
    "relativePath": "resources\\hero-model\\hero5"
  },
  "ac968fdc-6624-4a14-8a0a-2366c31ac121": {
    "asset": 1529987047372,
    "meta": 1529988365312,
    "relativePath": "resources\\hero-model\\hero5\\hero5-model.png"
  },
  "c22c0167-353c-43dd-bc5e-dcb828e70bcc": {
    "asset": 1530607479630,
    "meta": 1529985530051,
    "relativePath": "Animation\\player-2"
  },
  "5cb9cb1d-0f45-45ea-961b-fa04ee6e0b79": {
    "asset": 1529987848791,
    "meta": 1529987405849,
    "relativePath": "resources\\hero-model\\hero4"
  },
  "839717d4-1e4a-4aa6-b3a7-de17d23c0efa": {
    "asset": 1529987501659,
    "meta": 1529987405851,
    "relativePath": "resources\\hero-model\\hero6"
  },
  "a2b05a3e-8a85-4b93-9a4d-f0fd43d79820": {
    "asset": 1529987479679,
    "meta": 1529987482521,
    "relativePath": "resources\\hero-model\\hero2\\hero2-model.png"
  },
  "6cca3b97-d3a9-48f2-8341-efe1197d46d1": {
    "asset": 1529987500358,
    "meta": 1529987501676,
    "relativePath": "resources\\hero-model\\hero6\\hero6-model.png"
  },
  "85f9d654-8798-4a97-b5af-f5212c6e19cf": {
    "asset": 1529987848128,
    "meta": 1529987848819,
    "relativePath": "resources\\hero-model\\hero4\\hero5-model.png"
  },
  "e2d50b50-e68d-4c09-acf3-85b66fcf027e": {
    "asset": 1530065125636,
    "meta": 1529990563278,
    "relativePath": "resources\\skill-icon"
  },
  "3170ec35-e7a8-4006-8668-a3982e88dd52": {
    "asset": 1529991543157,
    "meta": 1529991568215,
    "relativePath": "resources\\skill-icon\\skill-border-onClick.png"
  },
  "f0777f43-892a-44e3-8428-230412fa4401": {
    "asset": 1529991559860,
    "meta": 1529991568216,
    "relativePath": "resources\\skill-icon\\empty-skill.png"
  },
  "9acc32e7-07d4-4eba-8163-8d2be28186e7": {
    "asset": 1529991523953,
    "meta": 1529991568222,
    "relativePath": "resources\\skill-icon\\skill-border.png"
  },
  "88b7a1f5-3c55-46e3-9d55-ceb077bb03a4": {
    "asset": 1530599391541,
    "meta": 1529993762126,
    "relativePath": "Animation\\player-1"
  },
  "8b3c5905-a80b-4d72-a9d9-a922a35aefa4": {
    "asset": 1530159343985,
    "meta": 1530003117444,
    "relativePath": "resources\\json"
  },
  "e5fd2234-cefd-4c33-8ddd-f327635b9ae3": {
    "asset": 1530005009794,
    "meta": 1530005051456,
    "relativePath": "resources\\json\\hero-list.json"
  },
  "92b43c32-7d24-4b22-85aa-37cf2b076706": {
    "asset": 1530006448003,
    "meta": 1530006512609,
    "relativePath": "resources\\skill-icon\\净化.png"
  },
  "58634b09-e415-4fcb-943c-45425944f2b1": {
    "asset": 1530006418439,
    "meta": 1530006512612,
    "relativePath": "resources\\skill-icon\\冲击.png"
  },
  "45e3d2f6-0ee8-4037-a58e-58db49132455": {
    "asset": 1530006430843,
    "meta": 1530006512619,
    "relativePath": "resources\\skill-icon\\吸血.png"
  },
  "3cd7d68d-fd1d-4265-9709-0117bf3bd02e": {
    "asset": 1530006437978,
    "meta": 1530006512622,
    "relativePath": "resources\\skill-icon\\召唤.png"
  },
  "9c57cc7f-734e-4ce1-ae38-eeef06849cab": {
    "asset": 1530006456286,
    "meta": 1530006512631,
    "relativePath": "resources\\skill-icon\\恐惧.png"
  },
  "31cc45dc-eeaf-462a-98a7-41698bab1bd4": {
    "asset": 1530006461475,
    "meta": 1530006512632,
    "relativePath": "resources\\skill-icon\\支配.png"
  },
  "84cb6649-b237-473f-8df8-c3f4d8bd953b": {
    "asset": 1530006442670,
    "meta": 1530006512640,
    "relativePath": "resources\\skill-icon\\治疗.png"
  },
  "a3a1ddfc-ddc8-4a73-859b-235987e5bb4b": {
    "asset": 1530006399767,
    "meta": 1530006512642,
    "relativePath": "resources\\skill-icon\\法阵.png"
  },
  "14a8c95a-83b6-4cf7-832d-213dfd13dbe1": {
    "asset": 1530006372035,
    "meta": 1530006512650,
    "relativePath": "resources\\skill-icon\\火球.png"
  },
  "3fd6d82b-7280-47b8-8b6f-83aad8e7533c": {
    "asset": 1530006424816,
    "meta": 1530006512652,
    "relativePath": "resources\\skill-icon\\结盟.png"
  },
  "6f637b74-146a-4f2b-bfcd-4a0650b65c38": {
    "asset": 1530006405314,
    "meta": 1530006512659,
    "relativePath": "resources\\skill-icon\\背刺.png"
  },
  "f825daf7-a229-4029-a36b-a9a1cb654c09": {
    "asset": 1530006413051,
    "meta": 1530006512661,
    "relativePath": "resources\\skill-icon\\闪光.png"
  },
  "1a9ca643-b27b-4e5d-8119-6ba3716cf537": {
    "asset": 1529562258395,
    "meta": 1530007042935,
    "relativePath": "Texture\\battle-view\\battleBtn.png"
  },
  "d1b8a757-7fc5-4b26-9d6b-0789816ee34e": {
    "asset": 1530064891336,
    "meta": 1530064906204,
    "relativePath": "resources\\skill-icon\\change.png"
  },
  "1e31e9bc-182b-436a-a4ae-687f9cec00b5": {
    "asset": 1530064988817,
    "meta": 1530064989296,
    "relativePath": "resources\\skill-icon\\changeOnClick.png"
  },
  "21305e85-b419-4e04-bca7-17d03391263d": {
    "asset": 1530068773882,
    "meta": 1530068196969,
    "relativePath": "resources\\skill-info"
  },
  "430c22ae-a81b-4a30-aa56-3e52e50763b4": {
    "asset": 1530068544584,
    "meta": 1530068773845,
    "relativePath": "resources\\skill-info\\冲击.md"
  },
  "f0b1afe6-76ad-48a7-93df-f974ebfc2f09": {
    "asset": 1530068668283,
    "meta": 1530068773847,
    "relativePath": "resources\\skill-info\\净化.md"
  },
  "8453996f-cbe4-444d-9838-5be3072b57b3": {
    "asset": 1530068622097,
    "meta": 1530068773849,
    "relativePath": "resources\\skill-info\\召唤.md"
  },
  "9c56627f-2f33-4fea-80ad-d87c0547db13": {
    "asset": 1530068604009,
    "meta": 1530068773850,
    "relativePath": "resources\\skill-info\\吸血.md"
  },
  "9f741f62-ddd1-4995-8677-4686fa625227": {
    "asset": 1530068701505,
    "meta": 1530068773853,
    "relativePath": "resources\\skill-info\\恐惧.md"
  },
  "a956c2c7-89da-4f1a-9eb9-c52c8c3ac3b1": {
    "asset": 1530068723467,
    "meta": 1530068773855,
    "relativePath": "resources\\skill-info\\支配.md"
  },
  "d6c744aa-ef46-4e4b-bafa-cc6bbc8976e3": {
    "asset": 1530068653714,
    "meta": 1530068773856,
    "relativePath": "resources\\skill-info\\治疗.md"
  },
  "42bb60d5-876e-4354-9f5d-6bdcaec6783a": {
    "asset": 1530068635505,
    "meta": 1530068773858,
    "relativePath": "resources\\skill-info\\法术盾.md"
  },
  "fe822636-3719-405c-b95a-5ab18dc84189": {
    "asset": 1530068577755,
    "meta": 1530068773872,
    "relativePath": "resources\\skill-info\\物理盾.md"
  },
  "fccb5e47-e2db-4d64-aae0-ee4e0734fd08": {
    "asset": 1530068683529,
    "meta": 1530068773873,
    "relativePath": "resources\\skill-info\\神的祝福.md"
  },
  "128ae1a5-d200-40a0-b487-2d690fc18b92": {
    "asset": 1530068561756,
    "meta": 1530068773875,
    "relativePath": "resources\\skill-info\\结盟.md"
  },
  "76bb1636-7a5a-4e53-bf78-095b72835503": {
    "asset": 1530068490987,
    "meta": 1530068773877,
    "relativePath": "resources\\skill-info\\背刺.md"
  },
  "20c8e5e2-b0d8-4c46-b09f-c1e5c6a0c386": {
    "asset": 1530068508213,
    "meta": 1530068773879,
    "relativePath": "resources\\skill-info\\闪光.md"
  },
  "66ccd248-0e60-4c69-9866-63403bdf0fe2": {
    "asset": 1530068460202,
    "meta": 1530068773880,
    "relativePath": "resources\\skill-info\\魔法力量.md"
  },
  "32f468c8-7dc2-42c0-9cf0-5f15bbeeb8f2": {
    "asset": 1530068739585,
    "meta": 1530068773882,
    "relativePath": "resources\\skill-info\\黑暗统治.md"
  },
  "781cb6d7-744c-4bb2-9596-0dfb0c6ac3c7": {
    "asset": 1530070312882,
    "meta": 1530068773852,
    "relativePath": "resources\\skill-info\\天生幸运.md"
  },
  "5a2ee877-9993-4e24-a89f-dc952fac2be8": {
    "asset": 1530254959583,
    "meta": 1530254959602,
    "relativePath": "Animation\\player-1\\player-idle.anim"
  },
  "e7be3b8b-97f3-4777-8d12-62654efcb3e1": {
    "asset": 1530092495107,
    "meta": 1530092495118,
    "relativePath": "Animation\\player-1\\player-switchOut.anim"
  },
  "8d6bdfb5-0489-4f12-9d4b-b833facdcd7a": {
    "asset": 1530092513479,
    "meta": 1530092513488,
    "relativePath": "Animation\\player-1\\player-switchIn.anim"
  },
  "2bca4ad5-547c-49a7-8224-c33a6ecce6e4": {
    "asset": 1530610517882,
    "meta": 1530083645155,
    "relativePath": "resources\\skill-effect"
  },
  "fa33f60c-bba6-4fbe-9178-9044690fc39f": {
    "asset": 1530083778410,
    "meta": 1530083780432,
    "relativePath": "resources\\skill-effect\\fireball.png"
  },
  "6a4d3fe2-c991-4991-9230-4735ce243d82": {
    "asset": 1530084376423,
    "meta": 1530084379943,
    "relativePath": "resources\\skill-effect\\flame.png"
  },
  "ffd9ce9d-c051-4e43-aee5-4b7911bb8515": {
    "asset": 1530092424277,
    "meta": 1530092424290,
    "relativePath": "Animation\\player-2\\player-idle.anim"
  },
  "2eaf3980-364f-49c0-8335-9df97dbcff6f": {
    "asset": 1530092387374,
    "meta": 1530092387446,
    "relativePath": "Animation\\player-2\\player-switchIn.anim"
  },
  "b1a1337c-5d87-4cd6-bacb-7de251dd8dd2": {
    "asset": 1530092387516,
    "meta": 1530092387585,
    "relativePath": "Animation\\player-2\\player-switchOut.anim"
  },
  "4557fe66-b80e-4512-b90a-df901011c8dc": {
    "asset": 1530600504133,
    "meta": 1530083895748,
    "relativePath": "Animation\\skill-effect"
  },
  "2af54caf-f86b-4137-9a9a-6aff949bb29a": {
    "asset": 1530159343987,
    "meta": 1530155844867,
    "relativePath": "resources\\status-icon"
  },
  "c5785078-da66-4f85-8085-2202fea060fc": {
    "asset": 1529633484737,
    "meta": 1530155920271,
    "relativePath": "resources\\status-icon\\bleeding-status.png"
  },
  "81f4be6a-3864-41e1-bd65-6f3ef02e44d2": {
    "asset": 1529633412082,
    "meta": 1530155920282,
    "relativePath": "resources\\status-icon\\burning-status.png"
  },
  "286c792a-575f-45cf-9d70-ca69019abe6b": {
    "asset": 1529633637479,
    "meta": 1530155920284,
    "relativePath": "resources\\status-icon\\confusion-status.png"
  },
  "ef23ea9a-2176-4c19-8914-769b4f7e930a": {
    "asset": 1530265039502,
    "meta": 1530265039511,
    "relativePath": "Prefab\\statusIcon.prefab"
  },
  "3b248e3a-101e-4b77-9a5e-0f15f5e0acc0": {
    "asset": 1530158954061,
    "meta": 1530159343985,
    "relativePath": "resources\\json\\status-list.json"
  },
  "a2480426-3df9-4277-bcd8-8b8022c0dbf5": {
    "asset": 1530158930025,
    "meta": 1530159344319,
    "relativePath": "resources\\status-icon\\dotBuff-status.png"
  },
  "71561142-4c83-4933-afca-cb7a17f67053": {
    "asset": 1527580026000,
    "meta": 1530236598672,
    "relativePath": "image\\default_btn_disabled.png"
  },
  "e851e89b-faa2-4484-bea6-5c01dd9f06e2": {
    "asset": 1527580026000,
    "meta": 1530236598670,
    "relativePath": "image\\default_btn_normal.png"
  },
  "b43ff3c2-02bb-4874-81f7-f2dea6970f18": {
    "asset": 1527580026000,
    "meta": 1530236598680,
    "relativePath": "image\\default_btn_pressed.png"
  },
  "d81ec8ad-247c-4e62-aa3c-d35c4193c7af": {
    "asset": 1527580026000,
    "meta": 1530236598679,
    "relativePath": "image\\default_panel.png"
  },
  "cfef78f1-c8df-49b7-8ed0-4c953ace2621": {
    "asset": 1527580026000,
    "meta": 1530236598686,
    "relativePath": "image\\default_progressbar.png"
  },
  "99170b0b-d210-46f1-b213-7d9e3f23098a": {
    "asset": 1527580026000,
    "meta": 1530236598688,
    "relativePath": "image\\default_progressbar_bg.png"
  },
  "567dcd80-8bf4-4535-8a5a-313f1caf078a": {
    "asset": 1527580026000,
    "meta": 1530236598696,
    "relativePath": "image\\default_radio_button_off.png"
  },
  "9d60001f-b5f4-4726-a629-2659e3ded0b8": {
    "asset": 1527580026000,
    "meta": 1530236598697,
    "relativePath": "image\\default_radio_button_on.png"
  },
  "617323dd-11f4-4dd3-8eec-0caf6b3b45b9": {
    "asset": 1527580026000,
    "meta": 1530236598703,
    "relativePath": "image\\default_scrollbar_vertical_bg.png"
  },
  "4bab67cb-18e6-4099-b840-355f0473f890": {
    "asset": 1527580026000,
    "meta": 1530236598704,
    "relativePath": "image\\default_scrollbar_bg.png"
  },
  "d6d3ca85-4681-47c1-b5dd-d036a9d39ea2": {
    "asset": 1527580026000,
    "meta": 1530236598711,
    "relativePath": "image\\default_scrollbar_vertical.png"
  },
  "0291c134-b3da-4098-b7b5-e397edbe947f": {
    "asset": 1527580026000,
    "meta": 1530236598712,
    "relativePath": "image\\default_scrollbar.png"
  },
  "0275e94c-56a7-410f-bd1a-fc7483f7d14a": {
    "asset": 1527580026000,
    "meta": 1530236598716,
    "relativePath": "image\\default_sprite_splash.png"
  },
  "6e056173-d285-473c-b206-40a7fff5386e": {
    "asset": 1527580026000,
    "meta": 1530236598718,
    "relativePath": "image\\default_sprite.png"
  },
  "73a0903d-d80e-4e3c-aa67-f999543c08f5": {
    "asset": 1527580026000,
    "meta": 1530236598722,
    "relativePath": "image\\default_toggle_checkmark.png"
  },
  "c25b9d50-c8fc-4d27-beeb-6e7c1f2e5c0f": {
    "asset": 1527580026000,
    "meta": 1530236598724,
    "relativePath": "image\\default_toggle_disabled.png"
  },
  "d29077ba-1627-4a72-9579-7b56a235340c": {
    "asset": 1527580026000,
    "meta": 1530236598726,
    "relativePath": "image\\default_toggle_normal.png"
  },
  "b181c1e4-0a72-4a91-bfb0-ae6f36ca60bd": {
    "asset": 1527580026000,
    "meta": 1530236598726,
    "relativePath": "image\\default_toggle_pressed.png"
  },
  "972b9a4d-47ee-4c74-b5c3-61d8a69bc29f": {
    "asset": 1527580026000,
    "meta": 1530236598726,
    "relativePath": "prefab\\button.prefab"
  },
  "8c5001fd-07ee-4a4b-a8a0-63e15195e94d": {
    "asset": 1527580026000,
    "meta": 1530176001588,
    "relativePath": "prefab\\webview.prefab"
  },
  "2c937608-2562-40ea-b264-7395df6f0cea": {
    "asset": 1527580026000,
    "meta": 1530186393611,
    "relativePath": "prefab\\canvas.prefab"
  },
  "61aeb05b-3b32-452b-8eed-2b76deeed554": {
    "asset": 1527580026000,
    "meta": 1530186393612,
    "relativePath": "prefab\\editbox.prefab"
  },
  "27756ebb-3d33-44b0-9b96-e858fadd4dd4": {
    "asset": 1527580026000,
    "meta": 1530186393616,
    "relativePath": "prefab\\label.prefab"
  },
  "785a442c-3ceb-45be-a46e-7317f625f3b9": {
    "asset": 1527580026000,
    "meta": 1530186393616,
    "relativePath": "prefab\\layout.prefab"
  },
  "ca8401fe-ad6e-41a8-bd46-8e3e4e9945be": {
    "asset": 1527580026000,
    "meta": 1530186393621,
    "relativePath": "prefab\\pageview.prefab"
  },
  "cd33edea-55f5-46c2-958d-357a01384a36": {
    "asset": 1527580026000,
    "meta": 1530186393622,
    "relativePath": "prefab\\particlesystem.prefab"
  },
  "5965ffac-69da-4b55-bcde-9225d0613c28": {
    "asset": 1527580026000,
    "meta": 1530186393626,
    "relativePath": "prefab\\progressBar.prefab"
  },
  "4a37dd57-78cd-4cec-aad4-f11a73d12b63": {
    "asset": 1527580026000,
    "meta": 1530186393627,
    "relativePath": "prefab\\richtext.prefab"
  },
  "32044bd2-481f-4cf1-a656-e2b2fb1594eb": {
    "asset": 1527580026000,
    "meta": 1530186393629,
    "relativePath": "prefab\\scrollview.prefab"
  },
  "0004d1cf-a0ad-47d8-ab17-34d3db9d35a3": {
    "asset": 1527580026000,
    "meta": 1530186393633,
    "relativePath": "prefab\\slider.prefab"
  },
  "1f55e3be-b89b-4b79-88de-47fd31018044": {
    "asset": 1527580026000,
    "meta": 1530186393635,
    "relativePath": "prefab\\sprite_splash.prefab"
  },
  "96083d03-c332-4a3f-9386-d03e2d19e8ee": {
    "asset": 1527580026000,
    "meta": 1530186393637,
    "relativePath": "prefab\\sprite.prefab"
  },
  "7de03a80-4457-438d-95a7-3e7cdffd6086": {
    "asset": 1527580026000,
    "meta": 1530186393639,
    "relativePath": "prefab\\tiledmap.prefab"
  },
  "0d784963-d024-4ea6-a7db-03be0ad63010": {
    "asset": 1527580026000,
    "meta": 1530186393641,
    "relativePath": "prefab\\toggle.prefab"
  },
  "bf0a434c-84dd-4a8e-a08a-7a36f180cc75": {
    "asset": 1527580026000,
    "meta": 1530186393644,
    "relativePath": "prefab\\toggleContainer.prefab"
  },
  "d1b8be49-b0a0-435c-83b7-552bed4bbe35": {
    "asset": 1527580026000,
    "meta": 1530186393646,
    "relativePath": "prefab\\toggleGroup.prefab"
  },
  "232d2782-c4bd-4bb4-9e01-909f03d6d3b9": {
    "asset": 1527580026000,
    "meta": 1530186393648,
    "relativePath": "prefab\\videoplayer.prefab"
  },
  "d4cdf0d1-0f0d-43e8-bfcd-fd0c01e8d940": {
    "asset": 1530239339695,
    "meta": 1530068773860,
    "relativePath": "resources\\skill-info\\法阵.md"
  },
  "8609b9bc-6637-44f5-bdae-e34f14822807": {
    "asset": 1530240405073,
    "meta": 1530068773870,
    "relativePath": "resources\\skill-info\\火球.md"
  },
  "a842245b-5cf4-4e66-959d-8393f0c46433": {
    "asset": 1530257641369,
    "meta": 1530257641381,
    "relativePath": "Animation\\player-1\\player-dotBuffed.anim"
  },
  "9707b613-7cec-403d-8b00-e5727e6ebedb": {
    "asset": 1530255416948,
    "meta": 1530255418949,
    "relativePath": "resources\\skill-effect\\dotBuff.png"
  },
  "6c90485e-f2fc-4f3a-90e3-b93a3a156c68": {
    "asset": 1530256340308,
    "meta": 1530256340319,
    "relativePath": "Animation\\skill-effect\\player1\\dotBuff.anim"
  },
  "97adfcb1-83ea-4513-a5ed-c2d96943e009": {
    "asset": 1530256301955,
    "meta": 1530516585327,
    "relativePath": "Prefab\\player-1\\p1-dotBuff.prefab"
  },
  "d0a5b70b-3f07-4b6b-90c5-1f94f87da74d": {
    "asset": 1530608220369,
    "meta": 1530255695762,
    "relativePath": "Script\\skillScript"
  },
  "eca805c1-1a4e-4106-9c78-ccbaf7b1959e": {
    "asset": 1530503757221,
    "meta": 1530512343137,
    "relativePath": "Animation\\skill-effect\\playerdmg.anim"
  },
  "24529f9c-5b35-4d1d-a5c6-b5b48cc09f2f": {
    "asset": 1530257840264,
    "meta": 1530257840282,
    "relativePath": "Animation\\skill-effect\\player1\\fireball.anim"
  },
  "b216cd42-7808-4a18-8c25-ea4f6d0d93ee": {
    "asset": 1530609597630,
    "meta": 1530257176851,
    "relativePath": "Animation\\skill-effect\\player1"
  },
  "afa03d9e-1b3b-4c83-b27b-14ff0447bf90": {
    "asset": 1530609854715,
    "meta": 1530257181678,
    "relativePath": "Animation\\skill-effect\\player2"
  },
  "1038b960-96ac-43ac-8ec1-351a1c710bae": {
    "asset": 1530504386409,
    "meta": 1530504386419,
    "relativePath": "Prefab\\player-2\\p2-dmg.prefab"
  },
  "72ff1e3f-69a9-4e21-aee5-0f25930a7467": {
    "asset": 1530503785910,
    "meta": 1530503785920,
    "relativePath": "Animation\\player-2\\player-damaged.anim"
  },
  "86747365-d565-4d4e-8fd7-c8708a8bf566": {
    "asset": 1530502513113,
    "meta": 1530515501840,
    "relativePath": "Prefab\\player-1\\p1-fireball.prefab"
  },
  "96c8f110-3481-43fc-b8d8-90b8976125cb": {
    "asset": 1530265118138,
    "meta": 1530265122052,
    "relativePath": "Script\\playerStatusList.js"
  },
  "d3b70f20-af56-4d7a-b37c-18cc2a15ce5e": {
    "asset": 1530512358116,
    "meta": 1530512358126,
    "relativePath": "Prefab\\player-1\\p1-dmg.prefab"
  },
  "bd8ceb9e-ba63-43aa-b68f-45bda09f5e10": {
    "asset": 1530515426489,
    "meta": 1530515426502,
    "relativePath": "Animation\\player-1\\player-damaged.anim"
  },
  "b7ee40a9-0f1d-4d2a-9a65-496189ae5909": {
    "asset": 1530515438327,
    "meta": 1530515438433,
    "relativePath": "Animation\\player-2\\player-dotBuffed.anim"
  },
  "64c94e7a-68d4-493f-a320-97355ca3042a": {
    "asset": 1530515784995,
    "meta": 1530515785012,
    "relativePath": "Animation\\skill-effect\\player2\\fireball.anim"
  },
  "9a9cba09-8236-413d-aaf1-4b75c8104c27": {
    "asset": 1530515449404,
    "meta": 1530515449509,
    "relativePath": "Animation\\skill-effect\\player2\\dotBuff.anim"
  },
  "7ebd5117-0d2c-43d7-8532-294aeb281f91": {
    "asset": 1530515898424,
    "meta": 1530515898435,
    "relativePath": "Prefab\\player-2\\p2-fireball.prefab"
  },
  "453bbf4c-1958-477c-b9f0-23c83194ed45": {
    "asset": 1530516649358,
    "meta": 1530516649370,
    "relativePath": "Prefab\\player-2\\p2-dotBuff.prefab"
  },
  "544c5a72-9894-46ba-9aa0-95010f990c45": {
    "asset": 1530587131297,
    "meta": 1530587131325,
    "relativePath": "Animation\\player-1\\player-melee.anim"
  },
  "2c50616f-4396-4ba7-ba9b-e410d88dd354": {
    "asset": 1530587144632,
    "meta": 1530587144642,
    "relativePath": "Animation\\player-2\\player-melee.anim"
  },
  "221e5429-b35a-47ac-8486-4c89eaee7af5": {
    "asset": 1530520191775,
    "meta": 1530520193509,
    "relativePath": "resources\\skill-effect\\melee.png"
  },
  "e31b3b2c-3a70-4547-aa67-5a69b4871004": {
    "asset": 1530587813552,
    "meta": 1530587813563,
    "relativePath": "Prefab\\player-2\\p2-melee.prefab"
  },
  "d1662a9c-d10f-48df-bd12-4101dd7ab001": {
    "asset": 1530587807602,
    "meta": 1530587807614,
    "relativePath": "Prefab\\player-1\\p1-melee.prefab"
  },
  "704fa2f7-c397-467f-9eb4-4a2d6e77b289": {
    "asset": 1530520409884,
    "meta": 1530587723060,
    "relativePath": "Animation\\skill-effect\\slash.anim"
  },
  "37eec9b3-e1ba-46b8-969e-01ad40fc2d74": {
    "asset": 1530585549933,
    "meta": 1530585554150,
    "relativePath": "Texture\\battle-view\\heroTextBox.png"
  },
  "a33bca5d-77f9-462a-a265-08f8915c265f": {
    "asset": 1530585666788,
    "meta": 1530585654833,
    "relativePath": "Texture\\heroes-portrait"
  },
  "9df5dda8-0dcf-4073-9425-4e9a972d052b": {
    "asset": 1530585666785,
    "meta": 1530585666847,
    "relativePath": "Texture\\heroes-portrait\\hero1-portrait.png"
  },
  "0a81d410-d873-4266-ac0d-39f19103bb0b": {
    "asset": 1530588833097,
    "meta": 1530588835863,
    "relativePath": "resources\\skill-effect\\flashbang.png"
  },
  "cd79d6dd-a554-4ed2-9da7-a7bd94999c89": {
    "asset": 1530599154171,
    "meta": 1530599154184,
    "relativePath": "Prefab\\player-1\\p1-flashbang.prefab"
  },
  "0768661c-1820-4813-95cb-aaf3bb91fc1a": {
    "asset": 1530599146220,
    "meta": 1530599146252,
    "relativePath": "Prefab\\player-2\\p2-flashbang.prefab"
  },
  "6d02f596-ac23-47c1-981e-ce3867a8583e": {
    "asset": 1530608264943,
    "meta": 1530588950874,
    "relativePath": "Prefab\\player-1"
  },
  "6de674a9-3f6c-4d90-9335-b5901aff8c83": {
    "asset": 1530608995090,
    "meta": 1530588963265,
    "relativePath": "Prefab\\player-2"
  },
  "2722a013-8cc4-4267-bd3f-336431c498f7": {
    "asset": 1530599347613,
    "meta": 1530599347625,
    "relativePath": "Animation\\skill-effect\\flash.anim"
  },
  "21729d0d-6a77-4ce6-9ec7-0aad55c6d4f3": {
    "asset": 1530599790601,
    "meta": 1530599790631,
    "relativePath": "Animation\\player-1\\player-debuffed.anim"
  },
  "6358cd7f-1174-4248-bfd8-15ee521d2d1a": {
    "asset": 1530599729810,
    "meta": 1530599736591,
    "relativePath": "resources\\skill-effect\\debuff.png"
  },
  "64fb6dcb-def4-435e-9d6c-1c19c8258d09": {
    "asset": 1530599975518,
    "meta": 1530599975537,
    "relativePath": "Animation\\skill-effect\\debuff.anim"
  },
  "9293a043-d8d3-491c-a8e2-6241f80ae6b7": {
    "asset": 1530607084857,
    "meta": 1530607084872,
    "relativePath": "Prefab\\player-1\\p1-debuff.prefab"
  },
  "8c3b5437-a207-4fa4-95e8-aef9d7283532": {
    "asset": 1530606615348,
    "meta": 1530606615360,
    "relativePath": "Prefab\\player-2\\p2-debuff.prefab"
  },
  "90812687-c01b-48ce-82e0-dfd66201a13a": {
    "asset": 1530607500468,
    "meta": 1530607500482,
    "relativePath": "Animation\\player-2\\player-debuffed.anim"
  },
  "86910442-fb20-4e9f-b3b6-ef193e7c7747": {
    "asset": 1530708097751,
    "meta": 1530708097788,
    "relativePath": "Scene\\battle.fire"
  },
  "2ca388fe-b85c-459f-b517-37a5df03297b": {
    "asset": 1530607916647,
    "meta": 1530607929646,
    "relativePath": "resources\\skill-effect\\flashbangObj.png"
  },
  "6e8994d1-f5df-45ef-b0da-7f79fe0da92f": {
    "asset": 1530609842070,
    "meta": 1530609842083,
    "relativePath": "Prefab\\player-1\\p1-flashbangObj.prefab"
  },
  "83e98799-db5e-42cd-86d9-4edad7b0760a": {
    "asset": 1530609929167,
    "meta": 1530609929180,
    "relativePath": "Prefab\\player-2\\p2-flashbangObj.prefab"
  },
  "177f0748-2e2c-4c16-b1ac-24c00ff86894": {
    "asset": 1530609836781,
    "meta": 1530609836807,
    "relativePath": "Animation\\skill-effect\\player1\\flashbangObj.anim"
  },
  "b1f5e0dc-461f-46a5-a62d-c5614eeba77c": {
    "asset": 1530609918998,
    "meta": 1530609919012,
    "relativePath": "Animation\\skill-effect\\player2\\flashbangObj.anim"
  },
  "4ccc3a62-55e6-4d00-9cfb-90b185acaab8": {
    "asset": 1530610516785,
    "meta": 1530610517930,
    "relativePath": "resources\\skill-effect\\contact.png"
  },
  "741a3ac6-ddb8-484a-ad6c-b4c69bacfa63": {
    "asset": 1530674138151,
    "meta": 1530005051459,
    "relativePath": "resources\\json\\player1-hero-list.json"
  },
  "770b5aa8-f4a6-44d6-a1e5-0bbbd88fbfb3": {
    "asset": 1530674144899,
    "meta": 1530005051462,
    "relativePath": "resources\\json\\player2-hero-list.json"
  },
  "8fb66fac-fa57-40f9-9af1-896645ce9342": {
    "asset": 1530695540198,
    "meta": 1530695644321,
    "relativePath": "Script\\animController.js"
  },
  "81c41a48-1640-4065-b21a-069e08dcff2e": {
    "asset": 1530695559908,
    "meta": 1530695644332,
    "relativePath": "Script\\gameController.js"
  },
  "766229ee-12d0-433d-8a46-816ea5bfa4ad": {
    "asset": 1530693785363,
    "meta": 1530695644687,
    "relativePath": "Script\\global.js"
  },
  "4173b570-858f-4701-a077-d947a6c11c0c": {
    "asset": 1530695601971,
    "meta": 1530695644871,
    "relativePath": "Script\\player1Controller.js"
  },
  "aaf65bc9-7981-4f51-a19b-2ff20b3061a0": {
    "asset": 1530695601025,
    "meta": 1530695644966,
    "relativePath": "Script\\player2Controller.js"
  },
  "6d65255d-1590-4d74-a755-da0469fbed3e": {
    "asset": 1530695599611,
    "meta": 1530695644967,
    "relativePath": "Script\\statusIconTemplate.js"
  },
  "6f6f7124-5b25-47e0-acc0-31cac2f853b5": {
    "asset": 1530696104657,
    "meta": 1530696140474,
    "relativePath": "Script\\skillScript\\debuff.js"
  },
  "ea24f6ee-ace3-4153-858b-8c2a973c6102": {
    "asset": 1530696107746,
    "meta": 1530696140485,
    "relativePath": "Script\\skillScript\\dmgLabel.js"
  },
  "1eeb85a0-c7c3-4a35-98ca-a9a212a64b89": {
    "asset": 1530696110690,
    "meta": 1530696140502,
    "relativePath": "Script\\skillScript\\dotBuff.js"
  },
  "06fdf937-d83d-494c-8450-c5cade4604e4": {
    "asset": 1530696113826,
    "meta": 1530696140513,
    "relativePath": "Script\\skillScript\\fireball.js"
  },
  "9065e07d-cf40-4094-b2e1-191ccb9804de": {
    "asset": 1530696116365,
    "meta": 1530696140529,
    "relativePath": "Script\\skillScript\\flashbang.js"
  },
  "515ab6df-b74b-446c-81ce-d7a9801343f9": {
    "asset": 1530696119571,
    "meta": 1530696140539,
    "relativePath": "Script\\skillScript\\flashbangObj.js"
  },
  "6680f44d-4878-4a51-b4ca-a178ec8e0334": {
    "asset": 1530696123030,
    "meta": 1530696140543,
    "relativePath": "Script\\skillScript\\slash.js"
  }
}