{
  "item-states": [
    {
      "folded": false,
      "id": "mount-assets"
    },
    {
      "folded": true,
      "id": "29f52784-2fca-467b-92e7-8fd9ef8c57b7"
    },
    {
      "folded": true,
      "id": "af89ca72-ba0d-432b-84fa-6605e10102a4"
    },
    {
      "folded": false,
      "id": "4734c20c-0db8-4eb2-92ea-e692f4d70934"
    },
    {
      "folded": true,
      "id": "abda9278-7a4a-4c7b-91bc-2f6b47cce225"
    },
    {
      "folded": true,
      "id": "7b81d4e8-ec84-4716-968d-500ac1d78a54"
    },
    {
      "folded": true,
      "id": "dab5bb9e-bbdb-4133-a790-f2945ff41410"
    },
    {
      "folded": true,
      "id": "dda6c51a-78f9-4111-93eb-a6ddc35e9563"
    },
    {
      "folded": true,
      "id": "8b3c5905-a80b-4d72-a9d9-a922a35aefa4"
    },
    {
      "folded": true,
      "id": "6d02f596-ac23-47c1-981e-ce3867a8583e"
    },
    {
      "folded": true,
      "id": "6de674a9-3f6c-4d90-9335-b5901aff8c83"
    },
    {
      "folded": true,
      "id": "c22c0167-353c-43dd-bc5e-dcb828e70bcc"
    },
    {
      "folded": true,
      "id": "d0a5b70b-3f07-4b6b-90c5-1f94f87da74d"
    },
    {
      "folded": true,
      "id": "88b7a1f5-3c55-46e3-9d55-ceb077bb03a4"
    },
    {
      "folded": true,
      "id": "0655a48a-b7b2-424c-9065-1cfb0381acf8"
    },
    {
      "folded": true,
      "id": "79d1cb4e-030e-4091-9da5-b86e75911255"
    },
    {
      "folded": true,
      "id": "e2d50b50-e68d-4c09-acf3-85b66fcf027e"
    },
    {
      "folded": true,
      "id": "15e96945-253a-4fb7-b44f-c195f9c3b4b4"
    },
    {
      "folded": true,
      "id": "21305e85-b419-4e04-bca7-17d03391263d"
    },
    {
      "folded": true,
      "id": "2af54caf-f86b-4137-9a9a-6aff949bb29a"
    },
    {
      "folded": true,
      "id": "4557fe66-b80e-4512-b90a-df901011c8dc"
    },
    {
      "folded": false,
      "id": "2bca4ad5-547c-49a7-8224-c33a6ecce6e4"
    },
    {
      "folded": true,
      "id": "a33bca5d-77f9-462a-a265-08f8915c265f"
    },
    {
      "folded": true,
      "id": "44a91a5a-c220-4fb1-859b-64847a9241e6"
    },
    {
      "folded": true,
      "id": "9968e67b-36ee-4bdc-bcb7-85d2b6b338ff"
    },
    {
      "folded": true,
      "id": "7da1524a-bb08-4a80-bbb8-819b944da9da"
    },
    {
      "folded": true,
      "id": "5cb9cb1d-0f45-45ea-961b-fa04ee6e0b79"
    },
    {
      "folded": true,
      "id": "233b9337-93e8-4fc8-b316-9a54eeffb0d4"
    },
    {
      "folded": true,
      "id": "839717d4-1e4a-4aa6-b3a7-de17d23c0efa"
    },
    {
      "folded": true,
      "id": "84cb6649-b237-473f-8df8-c3f4d8bd953b"
    },
    {
      "folded": true,
      "id": "3cd7d68d-fd1d-4265-9709-0117bf3bd02e"
    },
    {
      "folded": true,
      "id": "92b43c32-7d24-4b22-85aa-37cf2b076706"
    },
    {
      "folded": true,
      "id": "58634b09-e415-4fcb-943c-45425944f2b1"
    },
    {
      "folded": true,
      "id": "9c57cc7f-734e-4ce1-ae38-eeef06849cab"
    },
    {
      "folded": true,
      "id": "31cc45dc-eeaf-462a-98a7-41698bab1bd4"
    },
    {
      "folded": true,
      "id": "45e3d2f6-0ee8-4037-a58e-58db49132455"
    },
    {
      "folded": true,
      "id": "a3a1ddfc-ddc8-4a73-859b-235987e5bb4b"
    },
    {
      "folded": true,
      "id": "14a8c95a-83b6-4cf7-832d-213dfd13dbe1"
    },
    {
      "folded": true,
      "id": "3fd6d82b-7280-47b8-8b6f-83aad8e7533c"
    },
    {
      "folded": true,
      "id": "6f637b74-146a-4f2b-bfcd-4a0650b65c38"
    },
    {
      "folded": true,
      "id": "f825daf7-a229-4029-a36b-a9a1cb654c09"
    },
    {
      "folded": true,
      "id": "b216cd42-7808-4a18-8c25-ea4f6d0d93ee"
    },
    {
      "folded": true,
      "id": "afa03d9e-1b3b-4c83-b27b-14ff0447bf90"
    },
    {
      "folded": true,
      "id": "d1b8a757-7fc5-4b26-9d6b-0789816ee34e"
    },
    {
      "folded": true,
      "id": "a9d9e0c6-a711-493a-a51d-d1350e1f0014"
    },
    {
      "folded": true,
      "id": "6a4d3fe2-c991-4991-9230-4735ce243d82"
    },
    {
      "folded": true,
      "id": "221e5429-b35a-47ac-8486-4c89eaee7af5"
    },
    {
      "folded": true,
      "id": "1a9ca643-b27b-4e5d-8119-6ba3716cf537"
    },
    {
      "folded": true,
      "id": "6358cd7f-1174-4248-bfd8-15ee521d2d1a"
    },
    {
      "folded": true,
      "id": "030303a0-fa58-4cd5-bdbe-3f3b5a35926b"
    },
    {
      "folded": true,
      "id": "f2139eae-d954-4827-916a-3b0b87a54cbd"
    },
    {
      "folded": true,
      "id": "1bf63697-b162-4a16-8525-1b76a60e0ef7"
    },
    {
      "folded": true,
      "id": "a40f3eb4-a67c-4045-b6f8-1870ac623b53"
    },
    {
      "folded": true,
      "id": "fd03195e-31cb-48ef-875c-9bb0d87d7450"
    },
    {
      "folded": true,
      "id": "0f634548-9db3-40a6-aefb-8f6749bf700a"
    },
    {
      "folded": true,
      "id": "053b0c86-7c6c-456b-bc10-b750227afd81"
    },
    {
      "folded": true,
      "id": "fba64b70-b23a-422d-af06-5992b13b100a"
    },
    {
      "folded": true,
      "id": "b7307363-8efe-4482-8693-4665bc1d9f50"
    },
    {
      "folded": true,
      "id": "4ccc3a62-55e6-4d00-9cfb-90b185acaab8"
    },
    {
      "folded": true,
      "id": "6a11deb7-5ce6-4a02-9f30-78232fc4116f"
    },
    {
      "folded": true,
      "id": "b0071eeb-1f52-40ee-9f76-849c199cd225"
    },
    {
      "folded": true,
      "id": "9707b613-7cec-403d-8b00-e5727e6ebedb"
    },
    {
      "folded": true,
      "id": "37eec9b3-e1ba-46b8-969e-01ad40fc2d74"
    },
    {
      "folded": true,
      "id": "fa33f60c-bba6-4fbe-9178-9044690fc39f"
    },
    {
      "folded": true,
      "id": "0a81d410-d873-4266-ac0d-39f19103bb0b"
    },
    {
      "folded": true,
      "id": "f0777f43-892a-44e3-8428-230412fa4401"
    },
    {
      "folded": true,
      "id": "9acc32e7-07d4-4eba-8163-8d2be28186e7"
    },
    {
      "folded": true,
      "id": "1e31e9bc-182b-436a-a4ae-687f9cec00b5"
    },
    {
      "folded": true,
      "id": "2ca388fe-b85c-459f-b517-37a5df03297b"
    },
    {
      "folded": true,
      "id": "a9186558-fd7a-4d97-a8fe-4a91e38f2540"
    },
    {
      "folded": true,
      "id": "81f4be6a-3864-41e1-bd65-6f3ef02e44d2"
    },
    {
      "folded": true,
      "id": "a2480426-3df9-4277-bcd8-8b8022c0dbf5"
    },
    {
      "folded": true,
      "id": "c5785078-da66-4f85-8085-2202fea060fc"
    },
    {
      "folded": true,
      "id": "97a01ba8-e1e5-4ad3-8976-53dfae828e65"
    },
    {
      "folded": true,
      "id": "0546395e-bd75-44ef-a083-cf95c9a400bd"
    },
    {
      "folded": true,
      "id": "9df5dda8-0dcf-4073-9425-4e9a972d052b"
    },
    {
      "folded": true,
      "id": "a3010eb2-6c07-48cf-8ba5-4ff4cf6e49c7"
    },
    {
      "folded": true,
      "id": "a2b05a3e-8a85-4b93-9a4d-f0fd43d79820"
    },
    {
      "folded": true,
      "id": "286c792a-575f-45cf-9d70-ca69019abe6b"
    },
    {
      "folded": true,
      "id": "85f9d654-8798-4a97-b5af-f5212c6e19cf"
    },
    {
      "folded": false,
      "id": "ac968fdc-6624-4a14-8a0a-2366c31ac121"
    },
    {
      "folded": true,
      "id": "6cca3b97-d3a9-48f2-8341-efe1197d46d1"
    },
    {
      "folded": true,
      "id": "3170ec35-e7a8-4006-8668-a3982e88dd52"
    },
    {
      "folded": true,
      "id": "0edc9aa0-c694-4bbb-b8a2-2140d31df44c"
    }
  ]
}