{
  "item-states": [
    {
      "folded": false,
      "id": "bavbN9V7NDpKp+31bcFVMr"
    },
    {
      "folded": false,
      "id": "90OzhJ/3pNXpXfeEHURxJo"
    },
    {
      "folded": false,
      "id": "7ewVymuztFzogQTzKk+Bdq"
    },
    {
      "folded": false,
      "id": "a82VVBJedJeqw54DvdVpeA"
    },
    {
      "folded": false,
      "id": "9aCpjQbBtAL7TsH3Mk5AcY"
    },
    {
      "folded": false,
      "id": "85pF+AMtRHY5hVzJ/DjU9r"
    },
    {
      "folded": false,
      "id": "c224HaLe9AmqZtbu7r4jPd"
    },
    {
      "folded": false,
      "id": "10NwzIwkpPMZi6jmHZTAJF"
    },
    {
      "folded": false,
      "id": "12Q0UCRzBKk6fU/Jnexub0"
    },
    {
      "folded": false,
      "id": "d6lbcurGVJU6Y15XTGCZuN"
    },
    {
      "folded": false,
      "id": "d5RWKZ/OtAbLhZYdmK/Cy6"
    },
    {
      "folded": false,
      "id": "37sGGx5MVMQ7YSJKbTR5ev"
    },
    {
      "folded": false,
      "id": "40A0jjfotCVYQxQGtQO6GC"
    },
    {
      "folded": false,
      "id": "26ZKDyKblEFpUWKanmMjk8"
    },
    {
      "folded": false,
      "id": "18ghOEPTdISr7s3h8Tly/B"
    },
    {
      "folded": false,
      "id": "36eODiCX1HOZE+U1RGlBxm"
    },
    {
      "folded": false,
      "id": "14k8qDNK5DNqKwTJwiCjW7"
    },
    {
      "folded": false,
      "id": "c0OHN7kBRPEqPVnmqt3LWn"
    },
    {
      "folded": false,
      "id": "d9VZEyFhZHdaHxSaWjzLNA"
    },
    {
      "folded": false,
      "id": "bc3Zn5FZhCc73VL16QjTLz"
    },
    {
      "folded": false,
      "id": "2a+cHVwX5KI6CXDYOC0LuJ"
    },
    {
      "folded": false,
      "id": "82bJeFnt5PjrEG99BnBx98"
    },
    {
      "folded": false,
      "id": "55zvRdmWFCF7gWix36e0pw"
    },
    {
      "folded": false,
      "id": "b9Kang0u5Nuqgt9jfcM/90"
    },
    {
      "folded": false,
      "id": "1ecGbVaNdHXJd2E/EZ7Bp/"
    },
    {
      "folded": false,
      "id": "109ZGG/sdCB4qiSGt5tubP"
    }
  ]
}