{
  "version": "1.1.1",
  "windows": {
    "main": {
      "main": true,
      "url": "app://editor/index.html",
      "windowType": "dockable",
      "x": -8,
      "y": -8,
      "width": 1936,
      "height": 1176,
      "layout": {
        "children": [
          {
            "children": [
              {
                "active": 0,
                "children": [
                  "hierarchy"
                ],
                "height": 300,
                "type": "panel",
                "width": 385
              },
              {
                "active": 0,
                "children": [
                  "assets"
                ],
                "height": 744.984375,
                "type": "panel",
                "width": 385
              }
            ],
            "height": 1048,
            "type": "dock-v",
            "width": 385
          },
          {
            "children": [
              {
                "children": [
                  {
                    "active": 0,
                    "children": [
                      "scene"
                    ],
                    "height": 702,
                    "type": "panel",
                    "width": 734.984375
                  },
                  {
                    "active": 0,
                    "children": [
                      "node-library"
                    ],
                    "height": 702,
                    "type": "panel",
                    "width": 212
                  }
                ],
                "height": 702,
                "type": "dock-h",
                "width": 950
              },
              {
                "active": 1,
                "children": [
                  "console",
                  "timeline"
                ],
                "height": 343,
                "type": "panel",
                "width": 950
              }
            ],
            "height": 1048,
            "type": "dock-v",
            "width": 950
          },
          {
            "active": 0,
            "children": [
              "inspector"
            ],
            "height": 1048,
            "type": "panel",
            "width": 573
          }
        ],
        "type": "dock-h"
      },
      "panels": [
        "node-library",
        "console",
        "timeline",
        "inspector",
        "hierarchy",
        "assets",
        "scene"
      ]
    }
  },
  "panels": {
    "builder": {
      "x": 702,
      "y": 200,
      "width": 516,
      "height": 739
    },
    "preferences": {
      "x": 672,
      "y": 300,
      "width": 580,
      "height": 565
    },
    "timeline": {
      "x": 702,
      "y": 400,
      "width": 516,
      "height": 339
    }
  }
}