{
  "__type__": "cc.AnimationClip",
  "_name": "player-dotBuffed",
  "_objFlags": 0,
  "_rawFiles": null,
  "_duration": 0.6666666666666666,
  "sample": 60,
  "speed": 1,
  "wrapMode": 1,
  "curveData": {
    "props": {
      "color": [
        {
          "frame": 0,
          "value": {
            "__type__": "cc.Color",
            "r": 255,
            "g": 255,
            "b": 255,
            "a": 255
          }
        },
        {
          "frame": 0.3333333333333333,
          "value": {
            "__type__": "cc.Color",
            "r": 110,
            "g": 97,
            "b": 255,
            "a": 255
          }
        },
        {
          "frame": 0.6666666666666666,
          "value": {
            "__type__": "cc.Color",
            "r": 255,
            "g": 255,
            "b": 255,
            "a": 255
          }
        }
      ]
    }
  },
  "events": []
}