{
  "f8e6b000-5643-4b86-9080-aa680ce1f599": {
    "asset": 1528274427140,
    "meta": 1527580026000,
    "relativePath": "image"
  },
  "71561142-4c83-4933-afca-cb7a17f67053": {
    "asset": 1527580026000,
    "meta": 1531205282070,
    "relativePath": "image\\default_btn_disabled.png"
  },
  "e851e89b-faa2-4484-bea6-5c01dd9f06e2": {
    "asset": 1527580026000,
    "meta": 1531205282073,
    "relativePath": "image\\default_btn_normal.png"
  },
  "b43ff3c2-02bb-4874-81f7-f2dea6970f18": {
    "asset": 1527580026000,
    "meta": 1531205282080,
    "relativePath": "image\\default_btn_pressed.png"
  },
  "d81ec8ad-247c-4e62-aa3c-d35c4193c7af": {
    "asset": 1527580026000,
    "meta": 1531205282082,
    "relativePath": "image\\default_panel.png"
  },
  "cfef78f1-c8df-49b7-8ed0-4c953ace2621": {
    "asset": 1527580026000,
    "meta": 1531205282088,
    "relativePath": "image\\default_progressbar.png"
  },
  "99170b0b-d210-46f1-b213-7d9e3f23098a": {
    "asset": 1527580026000,
    "meta": 1531205282091,
    "relativePath": "image\\default_progressbar_bg.png"
  },
  "567dcd80-8bf4-4535-8a5a-313f1caf078a": {
    "asset": 1527580026000,
    "meta": 1531205282098,
    "relativePath": "image\\default_radio_button_off.png"
  },
  "9d60001f-b5f4-4726-a629-2659e3ded0b8": {
    "asset": 1527580026000,
    "meta": 1531205282101,
    "relativePath": "image\\default_radio_button_on.png"
  },
  "4bab67cb-18e6-4099-b840-355f0473f890": {
    "asset": 1527580026000,
    "meta": 1531205282107,
    "relativePath": "image\\default_scrollbar_bg.png"
  },
  "617323dd-11f4-4dd3-8eec-0caf6b3b45b9": {
    "asset": 1527580026000,
    "meta": 1531205282110,
    "relativePath": "image\\default_scrollbar_vertical_bg.png"
  },
  "0291c134-b3da-4098-b7b5-e397edbe947f": {
    "asset": 1527580026000,
    "meta": 1531205282117,
    "relativePath": "image\\default_scrollbar.png"
  },
  "d6d3ca85-4681-47c1-b5dd-d036a9d39ea2": {
    "asset": 1527580026000,
    "meta": 1531205282120,
    "relativePath": "image\\default_scrollbar_vertical.png"
  },
  "0275e94c-56a7-410f-bd1a-fc7483f7d14a": {
    "asset": 1527580026000,
    "meta": 1531205282127,
    "relativePath": "image\\default_sprite_splash.png"
  },
  "6e056173-d285-473c-b206-40a7fff5386e": {
    "asset": 1527580026000,
    "meta": 1531205282129,
    "relativePath": "image\\default_sprite.png"
  },
  "73a0903d-d80e-4e3c-aa67-f999543c08f5": {
    "asset": 1527580026000,
    "meta": 1531205282136,
    "relativePath": "image\\default_toggle_checkmark.png"
  },
  "c25b9d50-c8fc-4d27-beeb-6e7c1f2e5c0f": {
    "asset": 1527580026000,
    "meta": 1531205282139,
    "relativePath": "image\\default_toggle_disabled.png"
  },
  "d29077ba-1627-4a72-9579-7b56a235340c": {
    "asset": 1527580026000,
    "meta": 1531205282146,
    "relativePath": "image\\default_toggle_normal.png"
  },
  "b181c1e4-0a72-4a91-bfb0-ae6f36ca60bd": {
    "asset": 1527580026000,
    "meta": 1531205282148,
    "relativePath": "image\\default_toggle_pressed.png"
  },
  "fc09f9bd-2cce-4605-b630-8145ef809ed6": {
    "asset": 1528274404332,
    "meta": 1527580026000,
    "relativePath": "misc"
  },
  "2be36297-9abb-4fee-8049-9ed5e271da8a": {
    "asset": 1527580026000,
    "meta": 1527580026000,
    "relativePath": "misc\\default_video.mp4"
  },
  "f6e6dd15-71d1-4ffe-ace7-24fd39942c05": {
    "asset": 1528274409047,
    "meta": 1527580026000,
    "relativePath": "obsolete"
  },
  "b8223619-7e38-47c4-841f-9160c232495a": {
    "asset": 1527580026000,
    "meta": 1527580026000,
    "relativePath": "obsolete\\atom.plist"
  },
  "f743d2b6-b7ea-4c14-a55b-547ed4d0a045": {
    "asset": 1528274404342,
    "meta": 1527580026000,
    "relativePath": "particle"
  },
  "b2687ac4-099e-403c-a192-ff477686f4f5": {
    "asset": 1527580026000,
    "meta": 1527580026000,
    "relativePath": "particle\\atom.plist"
  },
  "ae6c6c98-11e4-452f-8758-75f5c6a56e83": {
    "asset": 1528274463701,
    "meta": 1527580026000,
    "relativePath": "prefab"
  },
  "2c937608-2562-40ea-b264-7395df6f0cea": {
    "asset": 1527580026000,
    "meta": 1531205282160,
    "relativePath": "prefab\\canvas.prefab"
  },
  "972b9a4d-47ee-4c74-b5c3-61d8a69bc29f": {
    "asset": 1527580026000,
    "meta": 1531205282161,
    "relativePath": "prefab\\button.prefab"
  },
  "61aeb05b-3b32-452b-8eed-2b76deeed554": {
    "asset": 1527580026000,
    "meta": 1531205282165,
    "relativePath": "prefab\\editbox.prefab"
  },
  "27756ebb-3d33-44b0-9b96-e858fadd4dd4": {
    "asset": 1527580026000,
    "meta": 1531205282166,
    "relativePath": "prefab\\label.prefab"
  },
  "ca8401fe-ad6e-41a8-bd46-8e3e4e9945be": {
    "asset": 1527580026000,
    "meta": 1531205282170,
    "relativePath": "prefab\\pageview.prefab"
  },
  "785a442c-3ceb-45be-a46e-7317f625f3b9": {
    "asset": 1527580026000,
    "meta": 1531205282172,
    "relativePath": "prefab\\layout.prefab"
  },
  "cd33edea-55f5-46c2-958d-357a01384a36": {
    "asset": 1527580026000,
    "meta": 1531205282176,
    "relativePath": "prefab\\particlesystem.prefab"
  },
  "5965ffac-69da-4b55-bcde-9225d0613c28": {
    "asset": 1527580026000,
    "meta": 1531205282177,
    "relativePath": "prefab\\progressBar.prefab"
  },
  "4a37dd57-78cd-4cec-aad4-f11a73d12b63": {
    "asset": 1527580026000,
    "meta": 1531205282182,
    "relativePath": "prefab\\richtext.prefab"
  },
  "32044bd2-481f-4cf1-a656-e2b2fb1594eb": {
    "asset": 1527580026000,
    "meta": 1531205282183,
    "relativePath": "prefab\\scrollview.prefab"
  },
  "0004d1cf-a0ad-47d8-ab17-34d3db9d35a3": {
    "asset": 1527580026000,
    "meta": 1531205282188,
    "relativePath": "prefab\\slider.prefab"
  },
  "1f55e3be-b89b-4b79-88de-47fd31018044": {
    "asset": 1527580026000,
    "meta": 1531205282190,
    "relativePath": "prefab\\sprite_splash.prefab"
  },
  "7de03a80-4457-438d-95a7-3e7cdffd6086": {
    "asset": 1527580026000,
    "meta": 1531205282193,
    "relativePath": "prefab\\tiledmap.prefab"
  },
  "96083d03-c332-4a3f-9386-d03e2d19e8ee": {
    "asset": 1527580026000,
    "meta": 1531205282194,
    "relativePath": "prefab\\sprite.prefab"
  },
  "0d784963-d024-4ea6-a7db-03be0ad63010": {
    "asset": 1527580026000,
    "meta": 1531205282198,
    "relativePath": "prefab\\toggle.prefab"
  },
  "bf0a434c-84dd-4a8e-a08a-7a36f180cc75": {
    "asset": 1527580026000,
    "meta": 1531205282200,
    "relativePath": "prefab\\toggleContainer.prefab"
  },
  "232d2782-c4bd-4bb4-9e01-909f03d6d3b9": {
    "asset": 1527580026000,
    "meta": 1531205282204,
    "relativePath": "prefab\\videoplayer.prefab"
  },
  "d1b8be49-b0a0-435c-83b7-552bed4bbe35": {
    "asset": 1527580026000,
    "meta": 1531205282205,
    "relativePath": "prefab\\toggleGroup.prefab"
  },
  "8c5001fd-07ee-4a4b-a8a0-63e15195e94d": {
    "asset": 1527580026000,
    "meta": 1531205282206,
    "relativePath": "prefab\\webview.prefab"
  },
  "364509c6-8aa8-49ac-8767-433463fb12c1": {
    "asset": 1531205333693,
    "meta": 1531205333694,
    "relativePath": "resources"
  },
  "c2ca5c66-1a03-427c-addc-2b0db46f88b2": {
    "asset": 1531205338359,
    "meta": 1531205338368,
    "relativePath": "scripts"
  },
  "7e223c19-6f3a-4ec6-91c3-7f45f6718872": {
    "asset": 1531205347719,
    "meta": 1531205347720,
    "relativePath": "prefabs"
  },
  "a445f10b-ba0d-40f5-8229-c417bb23ab0c": {
    "asset": 1531205367410,
    "meta": 1531205367411,
    "relativePath": "scenes"
  },
  "55850c90-fd24-41e5-bf03-6e1a45380afc": {
    "asset": 1531206558707,
    "meta": 1531206558701,
    "relativePath": "resources\\hero-mini"
  },
  "fe597154-ebf2-4cf1-9a70-8f6edea7e9c7": {
    "asset": 1529984189994,
    "meta": 1531206558729,
    "relativePath": "resources\\hero-mini\\hero-empty.png"
  },
  "09e933bb-4d3b-45eb-842b-88526548638c": {
    "asset": 1529984104234,
    "meta": 1531206558734,
    "relativePath": "resources\\hero-mini\\hero1-mini.png"
  },
  "49cd0dd7-f376-4b61-b083-41b78d89a913": {
    "asset": 1529984113786,
    "meta": 1531206558742,
    "relativePath": "resources\\hero-mini\\hero2-mini.png"
  },
  "f242ce9e-b302-4d85-bd0d-e8bd6c6cedf4": {
    "asset": 1529984121595,
    "meta": 1531206558746,
    "relativePath": "resources\\hero-mini\\hero3-mini.png"
  },
  "06d79f20-4386-456e-82aa-aff956c9e206": {
    "asset": 1529984130292,
    "meta": 1531206558754,
    "relativePath": "resources\\hero-mini\\hero4-mini.png"
  },
  "2bd19a93-db84-41fe-b36b-f99aefd18d1f": {
    "asset": 1529984142393,
    "meta": 1531206558758,
    "relativePath": "resources\\hero-mini\\hero5-mini.png"
  },
  "5dedbfb0-3b02-468c-a945-acc0bf60e344": {
    "asset": 1529984154130,
    "meta": 1531206558764,
    "relativePath": "resources\\hero-mini\\hero6-mini.png"
  },
  "7b2f6e09-2f03-4df7-82f0-d39b1332b099": {
    "asset": 1530845948812,
    "meta": 1531206591702,
    "relativePath": "resources\\Background.png"
  },
  "db3c3dc5-b342-498c-993a-f1fe8a0883ee": {
    "asset": 1531207826685,
    "meta": 1531207826687,
    "relativePath": "fonts"
  },
  "da4ceb20-c8b8-413c-a8a6-0952eeac4246": {
    "asset": 1531207859117,
    "meta": 1531207859187,
    "relativePath": "fonts\\方正兰亭细黑_GBK.TTF"
  },
  "0ae40c65-c20d-45b8-a6fa-58638934ab2d": {
    "asset": 1531207859124,
    "meta": 1531207859197,
    "relativePath": "fonts\\方正兰亭大黑_GBK.ttf"
  },
  "2e316e66-3043-4f9a-b35e-0dbd56c6436b": {
    "asset": 1531207859124,
    "meta": 1531207859210,
    "relativePath": "fonts\\方正兰亭中黑_GBK.TTF"
  },
  "64f2fb02-1c8c-40cd-b25d-280a6d4b9e61": {
    "asset": 1531209074657,
    "meta": 1531209202865,
    "relativePath": "resources\\heroSelection\\heroSelectStatus_idle.png"
  },
  "2b8f2a94-3ebf-4783-b704-90ae359fdf04": {
    "asset": 1531209190912,
    "meta": 1531209191507,
    "relativePath": "resources\\heroSelection\\heroSelectStatus_using.png"
  },
  "584c35ec-330c-4bf4-b8fb-9d0e592a22ff": {
    "asset": 1531209321032,
    "meta": 1531209322393,
    "relativePath": "resources\\heroSelection\\heroSelectStatus_detail.png"
  },
  "97884090-70be-4bcf-bba9-04931c4bb13f": {
    "asset": 1531209914770,
    "meta": 1531209914785,
    "relativePath": "resources\\heroSelection\\crown.png"
  },
  "ec6bd90d-a02c-4375-9522-ac7db7230c5e": {
    "asset": 1531210093590,
    "meta": 1531210093593,
    "relativePath": "resources\\heroSelection"
  },
  "5160c08d-efc6-4590-bbd1-7487cee81b1a": {
    "asset": 1531210153377,
    "meta": 1531210153379,
    "relativePath": "resources\\hero-portrait"
  },
  "d4dcb95c-c20d-4046-aeca-d1fd64679b00": {
    "asset": 1531210204988,
    "meta": 1531210205037,
    "relativePath": "resources\\hero-portrait\\hero3-portrait.png"
  },
  "7a27011c-3705-4fb4-b05f-7e936d75bea6": {
    "asset": 1531210204987,
    "meta": 1531210205040,
    "relativePath": "resources\\hero-portrait\\hero1-portrait.png"
  },
  "03468f43-ee59-4d41-b0e6-db20389392c1": {
    "asset": 1531210204990,
    "meta": 1531210205077,
    "relativePath": "resources\\hero-portrait\\hero4-portrait.png"
  },
  "0a0de14f-a9d4-49ee-94d9-02ddb2d9c7d3": {
    "asset": 1531210204990,
    "meta": 1531210205081,
    "relativePath": "resources\\hero-portrait\\hero2-portrait.png"
  },
  "92a60f99-5913-4122-b82b-f8819863c621": {
    "asset": 1531210204991,
    "meta": 1531210205112,
    "relativePath": "resources\\hero-portrait\\hero5-portrait.png"
  },
  "00357951-02b5-4a3d-b86f-424523be270c": {
    "asset": 1531210611465,
    "meta": 1531210611467,
    "relativePath": "resources\\skill-icon"
  },
  "d3b85946-8105-428f-a3f1-21deac809694": {
    "asset": 1531210621208,
    "meta": 1531210621251,
    "relativePath": "resources\\skill-icon\\冲击.png"
  },
  "1ed00029-23ce-47dd-b09b-667511816304": {
    "asset": 1531210621208,
    "meta": 1531210621254,
    "relativePath": "resources\\skill-icon\\skill-border-onClick.png"
  },
  "a70a268f-f178-44c9-9ba2-0b4d51656eaf": {
    "asset": 1531210621208,
    "meta": 1531210621260,
    "relativePath": "resources\\skill-icon\\背刺.png"
  },
  "99a68483-8efd-461d-8170-06249aad4723": {
    "asset": 1531210621208,
    "meta": 1531210621262,
    "relativePath": "resources\\skill-icon\\法阵.png"
  },
  "5145f3ec-7e0c-4cd0-bfa7-d6b5c0ca5df8": {
    "asset": 1531210621208,
    "meta": 1531210621270,
    "relativePath": "resources\\skill-icon\\结盟.png"
  },
  "d49a4c69-b3db-40f8-9128-73b852fcc50f": {
    "asset": 1531210621209,
    "meta": 1531210621271,
    "relativePath": "resources\\skill-icon\\火球.png"
  },
  "0942c88b-12bd-4ada-ad1a-592ccfeb5dae": {
    "asset": 1531210621209,
    "meta": 1531210621279,
    "relativePath": "resources\\skill-icon\\净化.png"
  },
  "0e1d4364-e3d2-4015-8507-f9005f77bf6c": {
    "asset": 1531210621209,
    "meta": 1531210621282,
    "relativePath": "resources\\skill-icon\\恐惧.png"
  },
  "aa6b97a0-389a-4016-bbe8-d8bf22c11f01": {
    "asset": 1531210621209,
    "meta": 1531210621290,
    "relativePath": "resources\\skill-icon\\吸血.png"
  },
  "db1dcd60-72ff-4900-9f93-d80cd88c2832": {
    "asset": 1531210621209,
    "meta": 1531210621292,
    "relativePath": "resources\\skill-icon\\闪光.png"
  },
  "96fd14a3-9fed-4e1c-b3a1-4011a72a99ca": {
    "asset": 1531210621209,
    "meta": 1531210621299,
    "relativePath": "resources\\skill-icon\\召唤.png"
  },
  "ab671061-4166-480f-a2b4-51e0f7c4cf63": {
    "asset": 1531210621210,
    "meta": 1531210621301,
    "relativePath": "resources\\skill-icon\\支配.png"
  },
  "88ed4984-1b83-4f65-b0f4-fa0841a58b75": {
    "asset": 1531210621210,
    "meta": 1531210621309,
    "relativePath": "resources\\skill-icon\\change.png"
  },
  "d61d884d-ce68-4edd-8a00-4c529a81c52e": {
    "asset": 1531210621210,
    "meta": 1531210621311,
    "relativePath": "resources\\skill-icon\\治疗.png"
  },
  "9ffed4e6-92d9-4a4b-9ce3-972cceb74d29": {
    "asset": 1531210621210,
    "meta": 1531210621320,
    "relativePath": "resources\\skill-icon\\empty-skill.png"
  },
  "84d532ce-2bc2-401d-9955-a81884d9c697": {
    "asset": 1531210621210,
    "meta": 1531210621321,
    "relativePath": "resources\\skill-icon\\skill-border.png"
  },
  "e931319d-b7d2-44d5-89f0-b0eae49671f5": {
    "asset": 1531210621210,
    "meta": 1531210621327,
    "relativePath": "resources\\skill-icon\\changeOnClick.png"
  },
  "6ed47117-c538-46cd-88c7-087fc18fa17f": {
    "asset": 1531215591082,
    "meta": 1531215591108,
    "relativePath": "scenes\\heroSelection.fire"
  },
  "1662af90-8654-46b7-9ea4-31fe8a40fe46": {
    "asset": 1531212462418,
    "meta": 1531212465447,
    "relativePath": "scripts\\heroSelectionCtrl.js"
  }
}