{
  "__type__": "cc.AnimationClip",
  "_name": "flashbangObj",
  "_objFlags": 0,
  "_rawFiles": null,
  "_duration": 0.5,
  "sample": 60,
  "speed": 1,
  "wrapMode": 1,
  "curveData": {
    "props": {
      "x": [
        {
          "frame": 0,
          "value": -261
        },
        {
          "frame": 0.08333333333333333,
          "value": -169
        },
        {
          "frame": 0.16666666666666666,
          "value": -77
        },
        {
          "frame": 0.21666666666666667,
          "value": -22
        },
        {
          "frame": 0.3333333333333333,
          "value": 107
        },
        {
          "frame": 0.5,
          "value": 292
        }
      ],
      "opacity": [
        {
          "frame": 0,
          "value": 0
        },
        {
          "frame": 0.08333333333333333,
          "value": 130.815
        },
        {
          "frame": 0.16666666666666666,
          "value": 255
        },
        {
          "frame": 0.4166666666666667,
          "value": 255
        },
        {
          "frame": 0.5,
          "value": 78.285
        }
      ],
      "y": [
        {
          "frame": 0,
          "value": -36
        },
        {
          "frame": 0.08333333333333333,
          "value": 13
        },
        {
          "frame": 0.16666666666666666,
          "value": 24
        },
        {
          "frame": 0.21666666666666667,
          "value": 15
        },
        {
          "frame": 0.3333333333333333,
          "value": -42
        },
        {
          "frame": 0.5,
          "value": -166
        }
      ]
    }
  },
  "events": []
}