{
  "__type__": "cc.AnimationClip",
  "_name": "dotBuff",
  "_objFlags": 0,
  "_rawFiles": null,
  "_duration": 0.5833333333333334,
  "sample": 60,
  "speed": 1.4,
  "wrapMode": 1,
  "curveData": {
    "props": {
      "opacity": [
        {
          "frame": 0.08333333333333333,
          "value": 0
        },
        {
          "frame": 0.3333333333333333,
          "value": 122.39999999999999
        },
        {
          "frame": 0.5833333333333334,
          "value": 0
        }
      ]
    }
  },
  "events": []
}