{
  "item-states": [
    {
      "folded": false,
      "id": "mount-assets"
    },
    {
      "folded": false,
      "id": "29f52784-2fca-467b-92e7-8fd9ef8c57b7"
    },
    {
      "folded": true,
      "id": "1e75b9d3-9c32-4442-bd86-2089cb61dd05"
    },
    {
      "folded": true,
      "id": "d21a8617-2abb-448d-b2d4-994ccc4fd53f"
    },
    {
      "folded": false,
      "id": "4734c20c-0db8-4eb2-92ea-e692f4d70934"
    },
    {
      "folded": true,
      "id": "7b81d4e8-ec84-4716-968d-500ac1d78a54"
    },
    {
      "folded": false,
      "id": "36c16a5d-4d0c-4dd7-9527-722c786c7029"
    },
    {
      "folded": true,
      "id": "69606f2c-cbf6-4b9b-85b6-43d92dfc31b7"
    },
    {
      "folded": true,
      "id": "65298fc9-6a6b-4f5c-b9cb-a954f519bf45"
    },
    {
      "folded": true,
      "id": "b2bda7c4-d04f-49b6-a96a-9b410576aed1"
    },
    {
      "folded": false,
      "id": "9e97fbb4-dc13-478d-a15a-a6f4e0c626ea"
    },
    {
      "folded": true,
      "id": "5c3da5c5-5c93-45b0-8326-09b52dd9355c"
    },
    {
      "folded": false,
      "id": "5cfa5665-f14c-4b7f-9c9a-e7d9f1bf70c5"
    },
    {
      "folded": true,
      "id": "6c73af31-082b-4739-8bab-4ee4ba90b35c"
    },
    {
      "folded": true,
      "id": "f62bbd28-ff7a-4dfe-abba-67349d9e8a24"
    },
    {
      "folded": false,
      "id": "44cc6335-04bd-4f04-9c22-f4f4f007c139"
    },
    {
      "folded": true,
      "id": "926eaa95-666a-40ab-a81f-b94ba08ced78"
    },
    {
      "folded": true,
      "id": "b9fef385-f203-4915-8cbf-16900f7b05e5"
    },
    {
      "folded": true,
      "id": "1e15f81a-562f-405a-8d7f-806568485f11"
    },
    {
      "folded": true,
      "id": "72b316f9-629c-401d-ab50-44a062443521"
    },
    {
      "folded": true,
      "id": "76a84e0e-c4c6-470c-a1c8-3f4193486813"
    },
    {
      "folded": true,
      "id": "e803b255-928d-4d40-a58a-5967b45ebd6c"
    },
    {
      "folded": true,
      "id": "72f4fcff-e64d-47fe-9887-e72cd0678dc5"
    },
    {
      "folded": true,
      "id": "5a00a7cf-3629-431c-9e3b-7221ee617c17"
    },
    {
      "folded": true,
      "id": "17076f77-a8ff-4ed5-afd6-e520a695f078"
    },
    {
      "folded": true,
      "id": "181b098c-b6e5-4dd5-8b20-5e953c286811"
    },
    {
      "folded": true,
      "id": "dfbcc6c2-6494-4a0f-b449-c85b5132cf8f"
    },
    {
      "folded": true,
      "id": "57d587a0-1acf-40dc-a2fa-26a97aed5eb4"
    },
    {
      "folded": true,
      "id": "f10b31a5-e244-4dac-adef-e1bd1ff8ac54"
    },
    {
      "folded": true,
      "id": "1d61813f-f343-48ad-a53c-9d7be5739def"
    },
    {
      "folded": true,
      "id": "860096c3-a744-4f74-ba9f-ebfc6201a59b"
    },
    {
      "folded": true,
      "id": "fd961990-b2af-46b2-bfac-88806cab5007"
    },
    {
      "folded": true,
      "id": "f4db9f42-ee63-4e82-8c19-3f75e5bc96fe"
    },
    {
      "folded": true,
      "id": "395da96c-a00f-43ea-b64a-f33fe362ab0d"
    },
    {
      "folded": true,
      "id": "c665aef0-4698-4c16-8469-2ca7ee2a5467"
    },
    {
      "folded": true,
      "id": "49589cb3-54a7-4318-8bb5-87042f46989d"
    },
    {
      "folded": true,
      "id": "026d562a-0756-48ad-b6fe-1f7fecb8e6dd"
    },
    {
      "folded": true,
      "id": "b9e46531-a1ca-4e5e-9f9d-0a57ef060797"
    },
    {
      "folded": true,
      "id": "c1145ad4-d5e0-4939-abfe-5189c0dd7da2"
    },
    {
      "folded": true,
      "id": "8523cecf-cac3-4181-a328-883b4db8c836"
    },
    {
      "folded": true,
      "id": "47bfb10f-24fd-47eb-9e84-1befb1bb73de"
    },
    {
      "folded": true,
      "id": "abfa7392-4154-4fdc-be47-553b438dc2dd"
    },
    {
      "folded": true,
      "id": "a47e4965-5296-44e0-b79f-320acddafe83"
    },
    {
      "folded": true,
      "id": "da88734b-755c-4f34-afa9-caed6606ca21"
    },
    {
      "folded": false,
      "id": "718694f5-6cc1-4a9e-9b60-010591301e71"
    },
    {
      "folded": true,
      "id": "364d1099-091f-414b-bb4a-ef147484dfb6"
    },
    {
      "folded": true,
      "id": "11a87442-b222-4b4f-a641-198ddd17748d"
    },
    {
      "folded": true,
      "id": "79769208-75bb-4c89-b935-1db2cf1bf4e2"
    },
    {
      "folded": true,
      "id": "9791f6a2-2c77-40f4-b70e-6a2b5bc60169"
    },
    {
      "folded": true,
      "id": "5c42bf0a-cbd2-4d9c-bf9d-58a9ea08f6dd"
    },
    {
      "folded": true,
      "id": "edc72f55-8d0c-4906-bedb-c1a09fc757ed"
    },
    {
      "folded": true,
      "id": "adc7550f-edc3-436a-97ca-a4ebf8da35eb"
    },
    {
      "folded": true,
      "id": "144c0841-10ba-40ac-8247-a58a1a62dd04"
    },
    {
      "folded": true,
      "id": "5e1d732c-b42d-44c9-99bd-ba4c947a4984"
    },
    {
      "folded": true,
      "id": "f58dd7a8-79bc-409c-8867-32fdb3e9b851"
    },
    {
      "folded": true,
      "id": "046d2d23-0f2f-496d-8bd5-30e16e42bb79"
    },
    {
      "folded": true,
      "id": "bc433d31-e336-4e1b-8d6d-900d8b996dfe"
    },
    {
      "folded": true,
      "id": "af749d15-6445-4a27-8956-f54f9f1773a8"
    },
    {
      "folded": true,
      "id": "3e3a42a5-0237-4722-92e2-b8612d521997"
    },
    {
      "folded": true,
      "id": "896d1818-d38c-494c-b24c-5fd95fc2eb6b"
    },
    {
      "folded": true,
      "id": "29a0ca05-a3e3-4f09-a89a-b41051a519e6"
    },
    {
      "folded": true,
      "id": "c68be631-84b6-4e00-9a19-c1996ab9ca64"
    },
    {
      "folded": true,
      "id": "b772ad40-bfc3-4ace-a8e2-4cc8790ad9ef"
    },
    {
      "folded": true,
      "id": "119990a7-784b-4e05-9e5e-9b3b5eec91d9"
    },
    {
      "folded": true,
      "id": "763f2e91-876e-4251-865f-830cbadc8edd"
    },
    {
      "folded": true,
      "id": "b1070f22-9266-4874-8501-5dae7027e9cf"
    },
    {
      "folded": true,
      "id": "fd9c88a4-065f-413c-b0a5-b9d61fda6ec9"
    },
    {
      "folded": true,
      "id": "9cd927f8-fb1d-4780-83e4-2eae816c9db2"
    },
    {
      "folded": true,
      "id": "21a48e7b-2a9b-4531-bbad-b14e574cbf26"
    },
    {
      "folded": true,
      "id": "15775b79-a676-435e-9c8e-dedae8d1e84a"
    },
    {
      "folded": true,
      "id": "3b36916b-460b-4028-a222-d80ec10f5f83"
    },
    {
      "folded": true,
      "id": "cbdf5b52-947a-43d7-ba10-0f4063a50224"
    },
    {
      "folded": true,
      "id": "f7a16fb0-5298-4bd6-a21c-a35c0e5c1328"
    },
    {
      "folded": true,
      "id": "497c4c9a-4710-41f6-b3b4-c5614609be3a"
    }
  ]
}