{
  "item-states": [
    {
      "folded": false,
      "id": "a6p3aWJPxPqYljHcReCtPP"
    },
    {
      "folded": false,
      "id": "d6vetfsvNAPLd/8DmmGkM0"
    },
    {
      "folded": false,
      "id": "9c5/a876pKZq8mQQYYs+9t"
    },
    {
      "folded": false,
      "id": "74PENOknxPM59mI1evrVLC"
    },
    {
      "folded": false,
      "id": "99hLCA8MJD6awzVOiRfShB"
    },
    {
      "folded": false,
      "id": "16AWiI84lOTabgsdsQWYlo"
    },
    {
      "folded": false,
      "id": "9bcsyu7EhHD4H1yrC8ceu6"
    },
    {
      "folded": false,
      "id": "8epN3U/KBNgrMOFFQ1AI3h"
    },
    {
      "folded": false,
      "id": "67qxwOR2VNYJdWBx4kypDN"
    },
    {
      "folded": false,
      "id": "05+irgjxJAMKjcOVndKaBd"
    },
    {
      "folded": false,
      "id": "50eAD5VblM/YME97pFJ9op"
    }
  ]
}