{
  "version": "1.1.1",
  "windows": {
    "main": {
      "main": true,
      "url": "app://editor/index.html",
      "windowType": "dockable",
      "x": -8,
      "y": -8,
      "width": 1936,
      "height": 1176,
      "layout": {
        "children": [
          {
            "children": [
              {
                "active": 0,
                "children": [
                  "hierarchy"
                ],
                "height": 527.421875,
                "type": "panel",
                "width": 204
              },
              {
                "active": 0,
                "children": [
                  "assets"
                ],
                "height": 508.578125,
                "type": "panel",
                "width": 204
              }
            ],
            "height": 1039,
            "type": "dock-v",
            "width": 204
          },
          {
            "children": [
              {
                "children": [
                  {
                    "active": 0,
                    "children": [
                      "scene"
                    ],
                    "height": 770,
                    "type": "panel",
                    "width": 297
                  },
                  {
                    "active": 0,
                    "children": [
                      "node-library"
                    ],
                    "height": 770,
                    "type": "panel",
                    "width": 204
                  }
                ],
                "height": 770,
                "type": "dock-h",
                "width": 504
              },
              {
                "active": 0,
                "children": [
                  "console",
                  "timeline"
                ],
                "height": 266,
                "type": "panel",
                "width": 504
              }
            ],
            "height": 1039,
            "type": "dock-v",
            "width": 504
          },
          {
            "active": 0,
            "children": [
              "inspector"
            ],
            "height": 1039,
            "type": "panel",
            "width": 304
          }
        ],
        "type": "dock-h"
      },
      "panels": [
        "node-library",
        "console",
        "timeline",
        "inspector",
        "hierarchy",
        "assets",
        "scene"
      ]
    }
  },
  "panels": {
    "sprite-editor": {
      "x": 702,
      "y": 300,
      "width": 516,
      "height": 539
    },
    "package-asset.export": {
      "x": 550,
      "y": 288,
      "width": 420,
      "height": 545
    },
    "builder": {
      "x": 702,
      "y": 200,
      "width": 516,
      "height": 739
    }
  }
}